customer_id,first_name,last_name,gender,date_of_birth,email,phone_number,city,occupation,join_date
1.0,Gloria,Sims,Female,1985-06-04,patrickbarton@houston-doyle.com,(281)203-8357x7258,nairobi,Teacher,2019-05-19
2.0,David,Rodriguez,Male,1983-12-28,mooremadison@gmail.com,+1-638-080-2760x2386,nairobi,ACCOUNTANT,2021-07-05
3.0,Robert,Jones,Male,1952-12-21,robertlewis@park-stewart.biz,556.013.2135x0547,nairobi,Engineer,2021-07-24
4.0,Paul,Bradley,FEMALE,1980-09-19,joshuashaffer@yahoo.com,001-771-727-5965x9549, Kisumu,Teacher,2025-03-20
5.0,Aaron,Garcia,,1970-06-05,townsendjames@williams-becker.com ,(178)171-3862x473, Kisumu,ACCOUNTANT,2020-09-20
6.0,Anthony,Cohen,Female,1973-02-21,levi57@yahoo.com,001-250-729-4212x95184,Nairobi,,2018-12-25
7.0,Oscar,Campbell,,2004-11-02,gphillips@yahoo.com,337-359-0197,NAIROBI,ACCOUNTANT,2024-02-27
8.0,Kyle,Collins,Female,1981-08-23,duarterachel@byrd-nelson.org,(244)146-6196x620, Kisumu,Engineer,2023-03-25
9.0,Sandra,Gardner,,1959-10-11,bill81@gmail.com,(459)456-7941, Kisumu,Teacher,2018-09-12
10.0,Dean,Dean,FEMALE,1952-01-08,megansmith@wood.net,001-251-624-1035x440,Mombasa ,,2023-09-17
11.0,Tami,Thomas,FEMALE,1961-07-23,christopher17@yahoo.com,767.861.4259x01449,Nairobi,Engineer,2021-04-20
12.0,Jason,Bailey,Female,1980-05-01,oscarmitchell@hotmail.com,+1-824-945-9480x7074,NAIROBI,ACCOUNTANT,2021-10-12
13.0,Stacy,Young,male,1980-08-16,rogersrobert@haynes-landry.com,085-124-9701,NAIROBI,ACCOUNTANT,2022-01-16
14.0,Bradley,Thomas,Male,1992-07-18,rebeccamiller@gmail.com,001-173-086-9142x310,Nairobi,,2018-08-03
15.0,Becky,Ramirez,FEMALE,1975-05-17,jeffrey86@wood.net,(994)572-9794,,Teacher,2018-08-25
16.0,Nicholas,Mccullough,,2001-06-30,dwolf@yahoo.com,635.398.3374x3532,NAIROBI,,2023-07-18
17.0,Patrick,Barker,,1971-10-07,tyler23@williams-harper.com,674-699-4121x95470,Mombasa ,Teacher,2025-09-29
18.0,Kevin,Leonard,male,1969-07-22,vwu@patterson-galvan.com,151-049-4270x830,,Teacher,2026-03-28
19.0,Erin,Rodriguez,male,1999-03-26,powersemily@clark.com,003-769-6615x8489,,developer,2019-08-07
20.0,Eric,Cox,FEMALE,1973-06-03,allenjennifer@patterson.com ,001-954-149-2831x6290,NAIROBI,Teacher,2019-04-13
21.0,Scott,Solis,male,1983-10-03,paul93@yahoo.com,693.032.9720,nairobi,developer,2020-10-13
22.0,David,Flores,male,1994-08-26,willisdawn@graham-lee.com,001-602-310-3518x28310,Nairobi,developer,2021-02-15
23.0,Travis,Lewis,FEMALE,1999-11-10,kreynolds@banks.biz,600.428.6212x724,Mombasa ,developer,2018-10-07
24.0,Jonathan,Martin,Female,1968-08-20,zlee@yahoo.com ,(945)409-8380, Kisumu,,2019-06-30
25.0,Autumn,Myers,male,1999-08-26,donna92@fletcher.info,001-194-050-7286x6357,Mombasa ,Engineer,2019-08-19
26.0,Amber,Dickson,Female,1991-03-28,bellamy@gmail.com,259-398-1976x6221,,Engineer,2026-02-14
,Ronald,Moore,,2001-03-05,allenevelyn@smith.biz,519-831-1200x0332,NAIROBI,Teacher,2024-09-27
28.0,Karen,Wolfe,,2000-11-26,vincent38@wallace-miller.com,480.158.9456x3905, Kisumu,,2023-05-09
29.0,Amanda,Castillo,,1977-04-14,charles31@carter.com ,693-813-2996,,Teacher,2019-01-04
30.0,Tina,Price,,1960-12-14,dennisdavid@evans.com,6481598916,Mombasa ,developer,2020-12-18
31.0,Lisa,Ruiz,FEMALE,2005-04-09,ryanbarrett@yahoo.com,+1-248-732-5264,nairobi,Engineer,2021-10-10
32.0,Jason,Murphy,Male,1965-07-09,sosachristopher@yahoo.com,118.925.1549x960,nairobi,Teacher,2022-01-10
,Morgan,Fischer,Female,2001-11-11,robert21@yahoo.com,+1-810-285-0309x73557,NAIROBI,ACCOUNTANT,2022-12-07
,Jose,Brown,Female,2000-04-11,joseph58@yahoo.com,(451)811-5583x7267,Nairobi,,2023-06-15
35.0,Rebecca,Middleton,,1966-06-08,jessica28@hotmail.com,492.242.1296,nairobi,Teacher,2020-09-27
36.0,Allen,Maddox,FEMALE,1960-02-29,dwright@chambers.com,(516)968-1508x352,NAIROBI,Teacher,2023-12-15
37.0,Stephen,Cole,male,1970-01-03,debra43@mccoy.com,(884)330-9855x6428,Mombasa ,Engineer,2024-02-13
38.0,Todd,Sanchez,Female,1962-06-08,jacksonkelly@gmail.com ,440-646-8483, Kisumu,,2023-02-06
39.0,Evan,Saunders,,2002-09-30,ericcoleman@gmail.com ,+1-203-746-7379x7784, Kisumu,,2022-01-29
40.0,Sandra,Osborne,Male,1994-04-11,roberta55@rivera.info,(060)502-9657x2193,NAIROBI,ACCOUNTANT,2023-03-31
41.0,John,Davis,Female,1965-11-16,sanchezjamie@chambers-washington.com,001-459-940-4714x4064,Nairobi,ACCOUNTANT,2024-02-28
42.0,Bryan,Smith,,1958-01-15,kevin56@gmail.com,(786)154-4837,Nairobi,ACCOUNTANT,2021-03-16
43.0,Diana,Roman,Female,1955-04-15,lisahernandez@johnson.com ,507-053-8108,Mombasa ,Engineer,2022-08-05
44.0,Jamie,Macias,FEMALE,1999-02-18,fbrown@hotmail.com,001-723-465-4133x9936,nairobi,Teacher,2022-08-02
45.0,Justin,Hughes,FEMALE,1991-12-01,christophermedina@kelly.org,(606)570-9961x82146,,ACCOUNTANT,2022-12-20
46.0,Anthony,Gutierrez,FEMALE,1956-09-09,robert93@johnson.com ,1921898768,,,2023-01-01
47.0,Veronica,Shepard,male,1960-08-17,aliciagriffin@gmail.com,+1-321-849-9918x537,nairobi,Engineer,2018-11-24
48.0,Patricia,Baldwin,male,1951-12-07,patelalicia@allen.info,001-870-101-7209x8158, Kisumu,ACCOUNTANT,2018-10-07
49.0,Jessica,Cain,FEMALE,1966-01-29,millermichael@walton.com ,661.620.1790x248,NAIROBI,Teacher,2019-12-27
50.0,Jose,Williams,Male,1977-04-06,eatontanya@stafford.com ,001-264-920-0586,,Engineer,2023-10-18
51.0,Kimberly,Daniels,Female,1976-07-10,michaelray@hotmail.com,+1-340-119-4577x19148,,,2025-02-27
52.0,Kelly,Briggs,FEMALE,1983-09-22,joshua32@hotmail.com,(372)003-0254x72277,,Teacher,2019-12-26
53.0,Robin,Peterson,Female,1997-07-31,ogrant@ortega.biz ,001-393-762-7962x606,nairobi,Engineer,2019-11-18
54.0,Michelle,Erickson,FEMALE,1982-07-08,pshaw@hotmail.com ,078.513.4952,Nairobi,ACCOUNTANT,2024-07-11
55.0,Susan,Williams,FEMALE,1955-09-11,christine84@hicks.com,230-000-3446x982,NAIROBI,Engineer,2018-12-16
56.0,Rachel,Wilson,Female,1971-09-28,bennettchristina@gmail.com,5241697722,,Teacher,2019-02-13
57.0,Catherine,Shepherd,Female,1972-08-22,jeffreygriffith@gmail.com,(947)255-1039x45347,Nairobi,Engineer,2026-04-23
,Brandon,Riggs,Female,1972-10-15,patrick62@yahoo.com,882-705-8063,Nairobi,ACCOUNTANT,2018-09-10
59.0,Marcus,Smith,,1961-10-23,fosterjoseph@turner.org,001-197-286-1228x92641,Nairobi,Teacher,2024-02-03
60.0,Tommy,Rodriguez,male,1981-02-22,michael20@yahoo.com ,+1-278-557-1047,,ACCOUNTANT,2019-12-21
61.0,Jennifer,Greer,,1988-01-12,cookcollin@marshall.net,629-166-4130x4877, Kisumu,Engineer,2018-07-20
62.0,Bethany,Williamson,,1999-01-20,iking@wilson.net,991-695-9097x4178,Mombasa ,Engineer,2023-03-17
63.0,Monica,Byrd,Female,1959-11-02,ncruz@yahoo.com,+1-545-445-8691x78495,Mombasa ,ACCOUNTANT,2019-08-02
64.0,Sherri,Lutz,,1980-03-12,ayalajohn@velazquez.com,(677)373-3333,,ACCOUNTANT,2019-02-28
65.0,Timothy,Green,FEMALE,2007-02-04,racheldelgado@gmail.com,(866)364-4817,nairobi,ACCOUNTANT,2020-10-12
66.0,Matthew,Steele,Female,1961-02-16,austin65@king.com,001-263-938-3082,nairobi,ACCOUNTANT,2019-11-10
67.0,Kyle,Gonzalez,Male,2004-09-29,zimmermanamanda@freeman-gonzales.info,231.286.0385x8391,nairobi,developer,2021-01-03
68.0,Kimberly,Yates,,1967-08-16,milesshelby@yahoo.com,864-139-6523,Nairobi,,2024-12-16
69.0,Sharon,Brooks,,1950-11-25,kyleaguilar@calhoun.com ,5514421458, Kisumu,Engineer,2025-08-29
70.0,Jasmine,Weaver,male,1984-11-17,mcmahondouglas@gmail.com ,465-283-3345,Nairobi,developer,2023-07-07
71.0,Gary,Baxter,Male,1977-03-04,welchdesiree@gmail.com,003-197-9381,NAIROBI,Teacher,2018-11-07
72.0,Angelica,Lucas,FEMALE,2000-10-05,vincentrodriguez@maldonado.com,(067)636-7428x12912,,,2019-12-19
73.0,Tammy,Hawkins,Female,1989-11-14,sparkstiffany@yahoo.com ,(271)867-3599x71324,,,2020-05-15
74.0,Kaitlyn,Evans,Female,1955-01-03,laura06@carter-carey.com ,799.450.5670,Nairobi,Teacher,2025-11-02
75.0,Amanda,Roberts,FEMALE,1969-10-10,gabriellehicks@martin-perry.net,+1-505-318-5191x49672,,Engineer,2022-01-30
76.0,Zachary,Walker,FEMALE,1969-12-31,brandondavis@olson-hunter.biz ,671.710.9065,Mombasa ,,2025-11-17
77.0,Stephen,Taylor,male,1985-08-22,turnercharles@martin-grant.com,032-905-7627x405,,,2025-08-13
,Joseph,Mendoza,,1963-06-07,rogerstina@yahoo.com,+1-073-641-7907x42656,,Teacher,2023-03-12
79.0,Charles,Newman,,1961-09-18,melinda74@hotmail.com,+1-618-455-7207x3535, Kisumu,Teacher,2023-05-22
80.0,Sean,Barnes,Female,1995-10-14,ndavis@gmail.com ,(339)183-1989x84185,nairobi,Teacher,2025-04-07
81.0,April,Newman,Male,1990-03-24,xtaylor@gmail.com ,+1-917-751-2626x049,Nairobi,,2025-01-22
82.0,Maria,Wilson,FEMALE,1973-02-06,villegasgregory@carter-walsh.biz ,364.765.8233x0413,,,2025-01-15
83.0,David,Richards,,1964-01-13,ngamble@velasquez.biz ,(282)416-8971, Kisumu,developer,2025-02-10
84.0,Scott,Little,Male,2001-09-21,snowrichard@hobbs.com,034.165.1320x066,,Engineer,2019-11-07
85.0,Tasha,Swanson,Male,1958-08-14,michele49@hotmail.com,4968272735,nairobi,Teacher,2020-04-20
86.0,Jacob,Davis,Male,1967-01-28,jameslogan@gmail.com,8005557395,Nairobi,Teacher,2022-09-18
87.0,Brian,Garcia,Male,1998-10-16,michael68@moore.net,+1-620-847-1988,NAIROBI,ACCOUNTANT,2019-06-14
88.0,Edwin,Garcia,male,2007-08-13,brian53@kelley-taylor.com,001-217-661-0269x6143,nairobi,ACCOUNTANT,2025-08-02
89.0,Brendan,Nicholson,Male,1956-10-22,joshua22@yahoo.com ,001-830-360-7652x218,NAIROBI,Teacher,2018-08-22
90.0,Jennifer,Hayes,male,1959-04-14,johnarcher@gmail.com,001-317-903-4454x59629, Kisumu,Engineer,2026-04-18
91.0,Vincent,Jordan,,1969-01-27,dennishicks@yahoo.com,271.261.3534x4966,NAIROBI,,2022-03-25
92.0,Christopher,Jones,male,1976-12-19,bfranklin@smith-hall.com,847.847.1069x253,nairobi,ACCOUNTANT,2022-01-31
93.0,Suzanne,Garcia,Female,1989-02-04,hansonvanessa@gmail.com,+1-241-157-3619x235,Nairobi,developer,2020-12-03
94.0,Mary,Fisher,FEMALE,1952-12-30,vincent46@hotmail.com,001-176-910-7385x66798, Kisumu,developer,2023-07-30
95.0,Thomas,Jackson,male,1960-06-08,justin18@yahoo.com,001-404-800-7835x8508,Nairobi,,2020-08-06
96.0,Anna,Pittman,Female,1961-09-02,obutler@gmail.com,214-943-1327,NAIROBI,Teacher,2021-08-26
97.0,James,Watts,Male,1951-02-07,keiththomas@perez-thomas.info,924.786.2525x6034,,,2025-07-08
98.0,Edward,Brooks,Male,2001-05-26,hsmith@hotmail.com,250-445-6025x26480,Mombasa ,ACCOUNTANT,2019-09-27
99.0,Donna,Carlson,male,1959-11-22,marymckenzie@mason-cordova.com,131-901-7116,,,2020-06-10
100.0,Joseph,Young,Female,1976-03-14,njones@gmail.com,(124)196-1918x37045,Mombasa ,Teacher,2022-03-18
101.0,Pamela,Johnson,male,1957-02-20,wfox@yahoo.com ,4624026811, Kisumu,,2023-04-24
102.0,Robert,White,male,1969-09-27,kellyphillips@hill-vasquez.com,2621814287,Nairobi,Teacher,2019-02-04
103.0,Michelle,Walsh,Male,1963-06-29,warrencheryl@price-ross.com,(054)339-9769x970, Kisumu,Engineer,2025-11-17
104.0,Autumn,Beck,Male,1971-10-19,angelareynolds@griffin.com,369-537-0513,nairobi,Engineer,2024-01-14
105.0,Gary,Pittman,Male,1956-03-22,erobinson@wilson-brewer.com,001-907-565-9753x8560,NAIROBI,,2019-08-01
106.0,Julia,Wright,Male,1990-08-29,karnold@duke-anderson.com,398-124-7373, Kisumu,Engineer,2018-11-23
107.0,Kathryn,Larson,,1970-03-01,eric89@hotmail.com,(330)257-8403,NAIROBI,developer,2018-06-23
108.0,Mark,Mendoza,,1994-04-08,tracywilliams@hotmail.com,+1-372-447-8834,nairobi,ACCOUNTANT,2023-05-23
109.0,Ashley,Marshall,,1975-09-08,howellmorgan@yahoo.com,+1-796-690-8527x11187, Kisumu,ACCOUNTANT,2020-09-28
110.0,Karen,Smith,Male,2000-08-22,james52@rivera.com ,6377654876, Kisumu,Engineer,2019-02-08
111.0,Regina,Griffin,Male,2006-12-31,mary25@hotmail.com,497-468-3098x626,NAIROBI,Teacher,2022-06-20
112.0,Stephanie,Williams,FEMALE,1987-05-28,jasmin20@myers.net,001-084-976-7246,,Teacher,2025-03-21
113.0,Ashley,Jones,Female,1978-05-02,jmitchell@andersen.com,+1-663-113-8051x86045,nairobi,developer,2024-04-02
114.0,Caitlin,Fowler,,1952-07-07,jasmineparker@parsons.com ,+1-519-210-7028,nairobi,ACCOUNTANT,2024-11-07
115.0,Warren,Luna,FEMALE,1990-02-08,jessicarivera@yahoo.com,+1-521-817-9684,nairobi,,2026-03-09
116.0,Michael,Clark,Female,1979-12-06,hburnett@johnson-hodge.com,(772)236-3724,,developer,2023-03-07
117.0,Christopher,Wheeler,FEMALE,2008-02-17,blairbailey@yahoo.com,211.166.2699x60375,,,2022-05-22
118.0,Wendy,Bowers,,1951-02-20,rwalker@moore-howe.info,169-546-2944x6038,Nairobi,Teacher,2023-10-27
119.0,Thomas,Gray,male,1964-03-30,princejennifer@hotmail.com,390-612-6741x66012,,,2023-07-11
120.0,Leslie,Anderson,Female,2002-07-09,hedwards@braun.info,001-449-195-4352,nairobi,developer,2022-02-20
121.0,Jose,Price,Male,1962-03-02,lopezbrittany@hotmail.com,764-940-3333x92392,,developer,2023-04-21
122.0,Michael,Shaw,,1960-09-07,brucekyle@parks.com,763-232-1475x0874,Mombasa ,developer,2018-06-20
123.0,Timothy,Daniels,,2005-01-01,lynn17@nelson.com,(071)420-0324x6999,nairobi,developer,2020-10-27
,Joyce,Anderson,FEMALE,1955-02-08,gschmidt@hotmail.com,059.237.7252, Kisumu,developer,2023-09-28
125.0,Julia,Adams,FEMALE,1967-08-09,robin08@smith.com,204.332.2498,Nairobi,Teacher,2019-10-12
126.0,Michael,Shelton,Female,1993-06-17,nathanday@perez.org,646-536-4631x1323,NAIROBI,,2025-05-30
127.0,Teresa,Richardson,,2004-12-31,sandovalkaren@gibbs.com,+1-299-814-6844x02679,nairobi,,2024-08-24
128.0,Tommy,Coffey,FEMALE,2001-02-11,nicole33@crane-vargas.com,241.020.0748x24737,Nairobi,Teacher,2021-12-25
129.0,Ashley,Fisher,FEMALE,1982-10-08,humphreybonnie@gmail.com,+1-383-503-2972,,Engineer,2020-05-13
130.0,Gary,Johnson,FEMALE,1993-05-23,annalynch@gmail.com,366-296-8335x623,NAIROBI,Teacher,2022-01-21
131.0,Sean,Howard,male,1994-07-04,sandrahardy@stewart.org ,+1-103-913-4646x7365,nairobi,Engineer,2019-04-25
132.0,Samuel,Mcmillan,male,1979-05-04,allen58@perez.info,(814)146-0915,nairobi,developer,2022-02-08
133.0,Adrienne,Perez,,1975-07-18,kristi18@yahoo.com,001-029-719-1362,Mombasa ,,2024-02-08
134.0,Amber,Cook,male,1965-03-13,penny88@gmail.com,788.868.0466x140,,,2019-06-30
135.0,Heather,Ferguson,Female,1991-07-02,liuanthony@johnson.biz,578-738-7090,NAIROBI,developer,2024-06-24
136.0,Benjamin,Campbell,Female,2006-10-10,brookeevans@hotmail.com,392-675-4899x24436,Mombasa ,Teacher,2023-03-21
137.0,Latoya,Sanchez,FEMALE,1960-11-14,rebecca29@roth.com ,001-602-700-7355x6260, Kisumu,ACCOUNTANT,2020-04-27
138.0,Tiffany,Henson,Male,2003-11-18,iwebb@ross.info,313-354-6854,,developer,2021-02-07
139.0,Wesley,Friedman,Female,1953-11-02,spencerpaul@gmail.com,793-178-7224x9557,NAIROBI,developer,2022-01-02
140.0,Denise,Clay,,1997-08-07,matthewsherman@gmail.com,8465739911,Mombasa ,developer,2023-07-30
141.0,Lynn,Jensen,male,1959-11-26,pittmanpaul@hotmail.com,615-303-4660x52774,,,2019-08-04
142.0,Michele,Rodriguez,Female,1986-04-26,castilloandrew@huang-ellis.com,130-587-3700x350, Kisumu,developer,2022-08-10
143.0,Samantha,Keller,Female,1956-11-19,marcus29@hotmail.com,732-500-8537, Kisumu,developer,2025-11-16
144.0,Melissa,Wolfe,FEMALE,1986-03-04,lucasaaron@kelley.com ,(635)117-4627,Mombasa ,developer,2018-11-11
145.0,Mathew,White,Female,2004-04-03,millerlinda@schroeder.biz,(156)467-3050x1864,Nairobi,,2020-04-18
146.0,Jeremiah,Moreno,male,1991-10-13,aross@rowe.com,531.479.7973x76398,NAIROBI,ACCOUNTANT,2022-09-27
147.0,James,Cooley,Male,1974-07-16,jason30@yahoo.com,333-575-5604,Mombasa ,developer,2019-08-21
148.0,Brenda,Ellis,,1998-03-01,holderjohn@williamson.com,+1-565-870-4304x54196,NAIROBI,,2024-06-06
149.0,Theresa,Morgan,FEMALE,1984-06-30,benjamingordon@gmail.com,001-924-566-7618x0014,NAIROBI,Engineer,2019-04-13
150.0,Emma,Gonzalez,,1968-07-08,theresa61@gmail.com,001-061-269-6519x58361,Nairobi,Teacher,2021-07-12
151.0,James,Mason,Female,2003-05-14,amorrison@yahoo.com,001-576-220-8309x02307,,developer,2020-10-30
152.0,Brandi,Crane,male,1964-09-21,hillkevin@gmail.com ,5153793241,nairobi,Engineer,2024-04-25
153.0,Cynthia,Hill,FEMALE,1981-12-03,christopherthompson@yahoo.com ,2640583399,Mombasa ,Teacher,2023-09-20
154.0,Kelly,Le,,2004-02-13,gcortez@gmail.com ,5308649147,Mombasa ,Engineer,2020-12-24
155.0,Richard,Yang,Female,1969-10-10,tara90@gmail.com,(090)190-2406, Kisumu,Teacher,2026-02-03
156.0,Christopher,Mclaughlin,FEMALE,1995-10-22,kristenwalsh@wood.info,902.211.4832x0580,nairobi,Teacher,2022-11-25
157.0,Suzanne,Franklin,Female,2002-03-25,wendy08@hotmail.com,001-562-407-9653x917,nairobi,,2021-06-12
158.0,James,Ford,male,1999-12-23,carterjessica@russell-black.biz,001-369-061-3877x3496,Mombasa ,Teacher,2023-06-26
159.0,Thomas,Silva,male,1959-10-23,michael90@petty.org,+1-471-993-7666x81037, Kisumu,Engineer,2022-05-27
160.0,Michael,Cox,Female,1990-12-14,robertglenn@yahoo.com,587-008-8244,nairobi,Teacher,2021-01-30
161.0,Mark,Scott,FEMALE,1956-11-15,michaellivingston@gmail.com,(168)907-2218,NAIROBI,Engineer,2019-03-22
162.0,Donna,Short,Female,1980-10-25,robertdean@bradley.com,(746)523-4685,nairobi,developer,2023-06-13
163.0,Alex,Davis,male,1950-06-24,jamescurry@padilla.com,584-931-3808,Nairobi,developer,2018-10-02
164.0,Rebecca,Howard,FEMALE,1954-02-19,beardjohn@martinez.com,418-117-0708,Nairobi,developer,2025-03-29
165.0,Christopher,Stone,Female,2000-03-09,michael96@yahoo.com,7412256068,,,2022-09-02
166.0,Frank,Miller,male,1995-12-13,samuel59@yahoo.com,+1-853-378-9340,Nairobi,Teacher,2025-06-25
167.0,Shane,Hall,,1961-03-23,longvanessa@gmail.com,008-292-3371x2583,Mombasa ,Engineer,2023-06-07
168.0,Laura,Gonzales,Female,1950-06-24,jfox@fitzgerald-mathis.com,3852734998,Nairobi,,2023-06-21
169.0,Matthew,Smith,male,1976-07-14,mary83@kelley.com,(308)022-5636, Kisumu,developer,2020-01-20
170.0,Corey,Romero,Female,2001-12-14,rodriguezrebecca@jensen.net,1378590878,,Teacher,2018-05-14
171.0,Bethany,Harris,Female,1977-04-13,christopher97@rasmussen.com ,234-941-7763,nairobi,Engineer,2025-09-30
,Heather,Nguyen,,1963-03-31,turnerjerry@hotmail.com,4033499955,nairobi,Teacher,2020-03-08
173.0,Tony,Bailey,FEMALE,1957-07-14,jspencer@rivera.com ,(634)483-8932x3429,NAIROBI,Teacher,2022-01-02
174.0,Joseph,Johnson,Female,1968-08-14,jmcdonald@yahoo.com,209-032-3343,Nairobi,ACCOUNTANT,2019-04-02
175.0,Jessica,Hicks,Male,1992-03-01,david25@hotmail.com,+1-494-013-9335,,developer,2018-10-28
176.0,Ethan,Moss,male,1995-12-09,cpatton@collins.com,489.036.1956x4487,nairobi,Teacher,2020-11-28
177.0,Matthew,Norman,Male,1953-11-03,lindsaygreen@baker.com,+1-181-734-5703x9540,nairobi,ACCOUNTANT,2021-09-28
178.0,Annette,Ball,Female,1991-06-11,qthomas@yahoo.com,5375092527,NAIROBI,developer,2026-04-27
179.0,David,Campos,FEMALE,1988-06-06,wwilson@gmail.com,599-975-8771, Kisumu,developer,2026-03-23
180.0,Justin,Summers,male,2003-10-15,kellycarter@gmail.com,001-378-727-1290x575,Mombasa ,Teacher,2025-08-01
181.0,Nichole,Barnes,Female,1954-01-30,sheltonvalerie@hotmail.com ,001-178-943-2266,Mombasa ,Teacher,2019-04-25
182.0,Gina,Moore,FEMALE,1963-09-22,gcrawford@yahoo.com,001-238-396-9146,nairobi,,2023-10-07
183.0,David,Norton,Male,2002-05-25,jesse49@gmail.com ,299.001.0669,NAIROBI,,2025-12-03
184.0,Suzanne,Anderson,,1970-11-27,christina12@hotmail.com,001-337-798-8675x2051,,,2021-01-12
185.0,Matthew,Chung,male,1993-12-16,jennifer18@gmail.com,+1-578-850-6288x1378, Kisumu,Teacher,2026-03-16
,Richard,Cooper,Female,1980-06-26,wilsonmichael@rodriguez.com,+1-980-070-3009,,developer,2024-09-20
187.0,Matthew,Lee,FEMALE,1962-09-07,swansontyler@snyder-thomas.com,(282)796-0913x2088,Mombasa ,developer,2020-02-02
188.0,Sheila,Kramer,FEMALE,2006-03-04,jeremyjordan@yahoo.com,(741)590-5468,,,2025-09-19
189.0,Chase,Howe,Female,1980-05-30,clarkdebra@gmail.com,(057)487-2483x1382,NAIROBI,,2024-01-24
190.0,Samuel,Chambers,,1980-08-09,xrocha@yahoo.com,001-147-946-6730,Nairobi,developer,2024-09-17
191.0,Susan,Evans,Female,1974-11-08,thompsonjacqueline@gmail.com,001-790-929-2874x26184,,Teacher,2023-04-05
192.0,Patricia,Holmes,,1956-04-02,westtara@yahoo.com,+1-193-930-8346x82455,Mombasa ,Teacher,2021-07-07
193.0,David,Murray,male,1998-12-21,emilycarrillo@hotmail.com,4866295439,Nairobi,Teacher,2023-10-21
194.0,Jason,Hernandez,FEMALE,1954-08-30,jcline@rogers.com,(966)807-7618,Nairobi,developer,2019-10-01
195.0,Amy,Ochoa,Female,1986-04-24,ogonzalez@atkinson-simon.com,428-338-5752x45370,,Teacher,2024-06-08
196.0,Robert,Moore,male,2006-07-27,fdelgado@hotmail.com,097.784.4920x2909, Kisumu,,2019-07-25
197.0,Jordan,Woods,male,1953-03-06,elizabeth38@bradford.com,865.149.3476x3626,Nairobi,Engineer,2024-01-20
198.0,Stephanie,Cannon,Female,1976-08-14,sandra49@sanchez.com,+1-035-745-0886, Kisumu,Engineer,2020-02-16
199.0,Mark,May,FEMALE,1969-10-19,donaldwalker@yahoo.com,921.446.3243x84823,Nairobi,ACCOUNTANT,2022-11-21
200.0,Theodore,Powers,Male,1985-07-15,dgordon@boyd-guzman.com,(583)475-7069,nairobi,Teacher,2023-03-20
,Cynthia,Ramirez,Female,2006-02-16,ericksonkevin@stevens-thomas.com ,(835)881-5179x32317,NAIROBI,Teacher,2024-04-09
202.0,Jacqueline,Graham,Female,1974-10-27,tammysanders@hotmail.com,0822655486,Nairobi,ACCOUNTANT,2024-02-27
203.0,Melissa,Mckinney,,1986-03-23,svega@smith-andrews.biz,+1-624-628-1465x46994,nairobi,,2020-03-01
204.0,Carl,Williams,Female,1971-04-16,danafischer@ferguson.com,001-444-583-5792x5737,NAIROBI,Teacher,2022-01-11
205.0,Jennifer,Brown,,1961-04-28,katieacosta@martinez.com,(517)739-6319x05215,NAIROBI,Engineer,2019-03-25
206.0,Christopher,Thompson,male,1976-12-04,hbowen@gmail.com,001-335-360-5035,Nairobi,,2021-12-25
207.0,Jenny,Jackson,Female,1985-11-09,ofleming@yahoo.com ,(999)093-3899x115,NAIROBI,developer,2024-11-26
208.0,Maurice,Thompson,Female,1978-09-06,smithedward@massey.com,2749715350,nairobi,Engineer,2019-02-01
209.0,Tina,Glover,FEMALE,1979-11-04,ronnie56@gmail.com,(219)374-9711,nairobi,developer,2019-04-30
210.0,Lisa,Patel,FEMALE,1989-09-24,ramirezbecky@powers.com,340-404-1317,Nairobi,ACCOUNTANT,2019-06-29
211.0,William,Bean,Female,2000-08-16,christineburns@reyes.info,824.390.6261,NAIROBI,developer,2020-02-24
212.0,Andrew,Fischer,male,1994-08-17,erica68@yahoo.com,299-245-6871x3789,nairobi,,2020-06-02
213.0,Valerie,Henry,male,1974-05-04,michele60@yahoo.com,378-938-1510x189,nairobi,,2018-11-30
214.0,Dakota,Nguyen,FEMALE,1996-06-05,silvadaniel@norman.com,960-756-2838x0520,Nairobi,Teacher,2018-10-10
215.0,Christopher,Moss,Female,1958-10-06,stacy38@hotmail.com,001-214-500-3511x18045,nairobi,developer,2022-06-16
216.0,Tiffany,Novak,male,1961-10-05,shane29@thompson.com,+1-680-659-2448x689,Nairobi,Engineer,2021-05-08
,Nathaniel,Ferguson,,1978-12-09,gregorylisa@yahoo.com,464.612.8811x998,Mombasa ,Teacher,2026-04-04
218.0,Sharon,Saunders,male,2008-04-06,fmiller@gmail.com,(898)939-9390x81417,Nairobi,Engineer,2026-01-01
219.0,Paul,Wilson,Female,1990-07-24,cindy86@gmail.com,001-279-171-0505x519,nairobi,Teacher,2021-04-21
220.0,Angela,Jackson,Female,1964-06-20,andre75@hotmail.com,001-581-421-0890x4108,nairobi,developer,2020-11-24
221.0,Peter,Deleon,,2007-09-22,yday@peck.com ,639-789-3422,Mombasa ,Teacher,2021-03-16
222.0,Patrick,Waller,,1980-03-10,robert79@gmail.com,787.669.8104x515,Nairobi,Engineer,2019-07-11
223.0,Michelle,Andrews,,1955-11-16,ericvargas@spencer-mosley.com ,(619)596-2324,Mombasa ,Engineer,2020-01-28
224.0,Katherine,Perry,Male,1998-03-27,anthonyjames@gmail.com,1669524980, Kisumu,Engineer,2021-05-03
225.0,Tricia,Schroeder,Male,2001-04-26,aheath@wilson.com,464-459-8842x7741,,Engineer,2021-01-14
226.0,Tonya,Griffin,,1972-02-05,tony42@yahoo.com ,116-413-5060x857,,Teacher,2023-03-27
227.0,Michael,Parker,male,1950-11-16,ambersmith@bridges.com,357.363.9037, Kisumu,developer,2023-04-30
228.0,Ruben,Manning,male,1995-03-28,danielle86@gmail.com,6021367147,NAIROBI,ACCOUNTANT,2018-08-09
229.0,Andrea,Gomez,FEMALE,1989-06-05,tim28@lane-thompson.org,+1-274-132-8428x3732,Mombasa ,ACCOUNTANT,2024-03-30
230.0,John,Sawyer,Male,1990-06-26,nixonbrenda@crosby.com,487.484.2270,Mombasa ,developer,2019-11-06
231.0,Thomas,Torres,,1979-07-27,drogers@yahoo.com,029-143-6596x10776,Mombasa ,Engineer,2022-03-27
232.0,John,Allen,FEMALE,2004-06-11,dpowell@yahoo.com,001-791-796-9584x07547,Nairobi,,2020-02-09
233.0,Stephanie,Fowler,Male,1952-05-11,melissa92@little.com ,447.660.6299, Kisumu,ACCOUNTANT,2025-06-08
234.0,Karen,Davis,Male,1994-09-27,randyfowler@yahoo.com,757-518-1493,nairobi,,2018-10-09
235.0,Betty,Weeks,,1972-04-06,yfernandez@yahoo.com,936-664-3013x68544, Kisumu,developer,2021-03-09
236.0,Barbara,Adams,Female,1995-05-07,lawrence88@hotmail.com,552-737-8678x97762,nairobi,ACCOUNTANT,2021-10-08
237.0,Joshua,Duncan,Male,1972-09-21,udyer@hotmail.com,190-027-3303,Mombasa ,,2020-01-16
238.0,Nicole,Martinez,Female,1994-09-17,joanna08@evans-jones.net,+1-501-671-8823x0148,,Engineer,2026-01-26
239.0,Scott,Salas,male,1984-01-16,burchjames@murray.com,(616)788-2699,NAIROBI,Engineer,2020-12-25
240.0,Nicholas,Garcia,,1956-12-10,vaughanchristina@monroe.com,001-814-219-9694x557,Mombasa ,Engineer,2018-11-19
241.0,Cynthia,Chaney,FEMALE,1955-12-15,lmiller@hotmail.com,921-229-9733,NAIROBI,ACCOUNTANT,2025-06-06
242.0,Sarah,Parker,male,1978-07-15,jasonbullock@martinez.com,+1-359-918-3652,Nairobi,Engineer,2024-11-10
243.0,Mark,Conner,male,2004-06-01,zwillis@hotmail.com,223.586.7468,Mombasa ,Engineer,2024-09-13
244.0,Joseph,Rivera,male,1953-07-19,hardyjoy@farrell.com,+1-186-179-2771x852, Kisumu,Teacher,2023-08-12
245.0,Devon,Green,male,1972-04-25,ctodd@hotmail.com ,+1-124-570-8573x73915,Mombasa ,ACCOUNTANT,2020-09-06
246.0,Penny,Chandler,Male,1958-02-28,geraldevans@yahoo.com,350-340-2655, Kisumu,developer,2024-10-05
247.0,Melanie,Soto,male,2000-11-25,joseph69@yahoo.com,+1-963-547-1559x18764,NAIROBI,ACCOUNTANT,2018-06-29
248.0,Jonathan,Chang,male,1976-05-02,sara07@yahoo.com,(285)303-5003x6173,Mombasa ,Engineer,2025-04-30
249.0,Tara,Cuevas,Male,1955-02-03,wileydanielle@rubio.biz,518-353-4837x1505, Kisumu,,2020-12-25
250.0,James,Moore,,1956-06-07,gpatel@hotmail.com ,972-926-4620x04767,NAIROBI,Teacher,2025-01-09
251.0,Sarah,Richards,Female,1964-10-26,michellehutchinson@allison.com,869.460.5214x95087, Kisumu,developer,2022-12-29
252.0,Marie,Estrada,male,2001-06-20,melissa87@dunlap.com ,(282)883-0009,Nairobi,developer,2024-10-07
253.0,April,Gonzalez,Male,1990-09-13,gwang@hotmail.com,584.021.2600x50902,nairobi,ACCOUNTANT,2022-08-06
254.0,Christine,Fox,Male,1987-10-29,richardparker@yahoo.com,001-549-266-5691x7379, Kisumu,Engineer,2019-04-06
255.0,Jessica,Sanchez,male,1974-07-08,gordonmary@marquez-gross.com,001-363-240-9693x11699,Nairobi,,2021-09-07
256.0,Amanda,Lewis,FEMALE,1994-04-10,youngmartin@ayala-fields.org,(440)617-3012x95867,nairobi,Engineer,2024-10-12
257.0,Randy,Nichols,FEMALE,2005-02-27,angelastanton@hotmail.com,(120)483-9165,,Engineer,2019-05-09
258.0,Margaret,Gould,male,1960-06-24,nicholas91@yahoo.com,861.425.4621x881,NAIROBI,Teacher,2025-07-31
259.0,Andrew,Bowman,,1971-07-22,rachelcox@yahoo.com ,(223)589-3229x69752, Kisumu,ACCOUNTANT,2019-11-26
260.0,Kathleen,Stephenson,,1990-06-10,robinsonjeffery@sloan.com,+1-081-606-0165x302,Nairobi,Engineer,2018-09-22
261.0,Andrea,Roy,Male,1952-09-02,jlynn@yahoo.com,001-936-423-2107x39022,nairobi,developer,2022-07-30
262.0,Jennifer,West,Female,1952-10-31,xsanders@yahoo.com,(499)708-8804,nairobi,Teacher,2019-06-12
263.0,Cameron,Brown,Female,1972-04-10,shawn28@morgan-powell.com,868.170.4881,Nairobi,ACCOUNTANT,2022-08-10
264.0,Mallory,Lawrence,,1952-02-28,xmitchell@lyons-merritt.com,+1-319-247-4590x96491,Mombasa ,ACCOUNTANT,2019-01-16
265.0,Carrie,Anderson,male,1973-04-02,fking@hardy.com,733-569-9048x565,,Teacher,2025-11-13
266.0,Kelsey,Norris,FEMALE,1962-11-27,wjones@gmail.com,457.603.3781x808,nairobi,developer,2023-12-25
267.0,Christina,Rowland,FEMALE,1969-10-03,michaelbrown@martin-morgan.com,060-698-6415x558,,developer,2024-12-31
268.0,Alyssa,Diaz,Male,1961-12-20,jeffreygordon@hotmail.com,4973331263,,Teacher,2018-05-27
269.0,Kylie,Oliver,male,1994-03-26,deanhayes@hotmail.com,410-620-4237x916,NAIROBI,ACCOUNTANT,2019-03-10
270.0,Steven,Ramirez,,2003-06-30,diana96@french-rodriguez.info ,+1-201-935-2161,NAIROBI,Engineer,2023-10-02
271.0,Tricia,Jones,,1969-06-11,angelastone@logan.com,(511)779-9080,NAIROBI,Engineer,2024-02-10
272.0,Brian,Scott,Female,2001-10-05,barnesvictoria@yahoo.com ,001-660-126-6282x2732,,,2023-05-30
273.0,Brooke,Rodriguez,FEMALE,1960-08-21,cindy14@gmail.com,+1-377-831-6968x82778,Nairobi,developer,2018-12-20
274.0,Shelly,Smith,,2001-03-19,williamsmckenzie@farley.com,919-038-6522, Kisumu,Teacher,2022-04-16
275.0,Paul,Gonzalez,FEMALE,1976-02-05,georgebrian@gmail.com ,294-326-3946x11006,Nairobi,ACCOUNTANT,2019-11-18
276.0,Nathan,Parks,Female,1973-06-18,ashley36@mclaughlin.com,(162)576-5102x9254, Kisumu,Teacher,2020-11-21
277.0,Craig,Burke,Female,1999-05-07,tmartin@hotmail.com,+1-009-883-4988x84541,nairobi,Teacher,2019-11-08
278.0,Nicole,Lane,Female,1961-02-17,brandon92@dixon.org,+1-575-620-7196x683,Nairobi,Teacher,2026-02-17
279.0,Phillip,Browning,Female,1992-05-25,pbrown@gmail.com,955-747-6014x2232,,Teacher,2021-06-17
280.0,Amy,Williams,Male,1998-07-21,williamsonjohn@hotmail.com,+1-412-327-2976x1494, Kisumu,,2022-02-18
281.0,John,Lawson,,1981-07-11,charles70@gmail.com ,496-209-0967x711,nairobi,developer,2024-12-16
282.0,Christy,Booth,Female,1999-04-10,crystalanderson@brown-lynch.com,+1-557-574-0022x08961,nairobi,Teacher,2026-02-24
283.0,Tammy,Hamilton,Male,1959-06-29,mercadojennifer@hotmail.com ,(090)821-5206x917,,,2026-01-10
284.0,Brittany,Brown,Female,1996-02-10,patrick54@martinez.com,001-505-050-1179x745,,Engineer,2021-10-01
285.0,Krystal,Ray,male,1994-12-04,douglassmith@gmail.com,(962)390-7068x3583,nairobi,,2022-07-22
286.0,Kevin,Franklin,male,1966-03-22,jordanheidi@yahoo.com,001-244-620-9902x958,NAIROBI,,2020-06-04
287.0,Beth,Cross,,1961-07-01,ulopez@rodriguez.info,(291)904-3907x3566,NAIROBI,ACCOUNTANT,2018-05-30
288.0,Laura,Wells,FEMALE,1950-07-08,wperez@clark.com,+1-883-432-8245x60562, Kisumu,Teacher,2021-08-20
289.0,Jamie,Norman,Male,1966-12-07,simmonsryan@gmail.com,001-971-955-8628x81760,Nairobi,Teacher,2025-12-08
290.0,Cheryl,Harrell,male,1998-09-05,afranco@smith.com,(953)861-9427,nairobi,ACCOUNTANT,2022-02-07
291.0,Eric,Davis,Male,1951-02-06,cooperelizabeth@price.com,001-924-114-5371x60578,Mombasa ,Teacher,2025-06-07
292.0,Jamie,Byrd,Female,2000-04-01,sally76@dixon.info ,192.982.5000x35336, Kisumu,,2026-01-31
293.0,Daniel,Dodson,,2003-06-25,patrickmcdonald@gmail.com,590.879.8825,Nairobi,,2025-12-25
294.0,Jacqueline,Young,Female,1985-05-12,zamorajustin@jordan.biz,001-618-208-0528x32262,nairobi,Teacher,2022-06-13
295.0,Melissa,Boyle,,1953-08-22,lopezsean@gmail.com,(940)344-5235x0257,,,2019-02-17
296.0,Paula,Jones,FEMALE,1989-12-17,briansmith@hotmail.com ,(380)134-6395x287,,Teacher,2021-12-26
297.0,Kimberly,Higgins,Male,1971-02-19,zdavis@yahoo.com,789-367-8356,NAIROBI,,2020-06-26
298.0,Emily,Brooks,,2005-11-21,kimberlywashington@hotmail.com,001-641-886-8714x0118,Mombasa ,Engineer,2019-03-13
299.0,Dean,Patterson,Female,1990-05-04,harrellchristine@yahoo.com,001-098-105-7043x3341,,ACCOUNTANT,2018-10-12
300.0,Jesse,Morrison,male,1992-02-16,deborahwhite@hotmail.com,641.455.3462x62003, Kisumu,Engineer,2018-10-26
301.0,Craig,Carlson,FEMALE,1987-11-04,zhowe@hogan.com,001-839-943-6180x5994,,,2023-12-30
302.0,Maria,Jones,FEMALE,1958-10-10,xcase@yahoo.com,001-120-855-6793x210,NAIROBI,ACCOUNTANT,2021-03-01
303.0,Jay,House,male,1975-04-26,james75@hotmail.com,+1-866-181-6929x1760,,Engineer,2019-01-05
304.0,Kayla,Hutchinson,male,1951-06-16,justin31@odonnell.com,+1-275-625-7655,,ACCOUNTANT,2020-12-11
305.0,Gloria,Cooper,Female,1970-05-06,christina78@estrada-george.com ,1881406557,,,2025-12-13
306.0,Katherine,Garrett,male,1961-03-27,xmorrison@morton.com,(164)847-2015,NAIROBI,Engineer,2023-12-31
307.0,Martin,Valentine,Male,1962-12-16,lambertlaura@gmail.com,102-850-8068x838,,Teacher,2024-10-02
308.0,Christina,Ramirez,Female,1952-02-17,jeffreyross@hotmail.com ,2862853948,NAIROBI,,2019-06-29
309.0,David,Dean,Female,1992-11-14,zacharywebb@arnold.com,317-945-4109x3972,nairobi,,2021-12-08
310.0,Kelly,Mathews,FEMALE,1995-09-07,grayisaiah@preston-mitchell.biz,+1-162-683-5863x87661,nairobi,developer,2020-10-08
311.0,Nicholas,Deleon,FEMALE,1976-06-22,vhopkins@curry-jacobs.com,0243702848, Kisumu,,2025-08-29
312.0,Michelle,Rojas,Female,1963-02-19,ryan19@hotmail.com,627.630.7832,,developer,2020-01-13
,Perry,Patterson,Female,1967-09-27,meyerrichard@rasmussen.com ,511.873.8448,Mombasa ,ACCOUNTANT,2023-08-11
314.0,Kyle,Obrien,FEMALE,1954-10-04,josephcarlson@chang.biz ,(387)278-9862,,ACCOUNTANT,2025-10-17
315.0,Mark,Hopkins,Female,2007-05-23,dhughes@melendez.com,(083)580-4750x8281,Mombasa ,developer,2020-01-28
316.0,Jennifer,Decker,Male,1953-11-30,stewartangela@whitehead.com ,384-289-9635x2353,Nairobi,developer,2024-06-11
317.0,Ashley,Mathews,Female,1959-01-25,katherinegilmore@obrien.com,001-258-085-1142,Mombasa ,developer,2019-01-12
318.0,Carla,Orozco,,2003-08-31,samanthadavis@gmail.com ,1264059125, Kisumu,Engineer,2024-10-19
319.0,Anthony,Cooke,male,1982-07-13,nicholaslewis@gmail.com,+1-370-348-2549x05704,Mombasa ,developer,2023-06-13
320.0,John,Owens,Male,1972-07-20,drodriguez@gomez.com,001-574-907-9684x89088, Kisumu,Engineer,2026-01-23
321.0,Kristie,Wall,Female,2003-01-03,jonescurtis@yahoo.com,169.100.1149,nairobi,ACCOUNTANT,2018-11-10
322.0,Christopher,Solomon,Female,1999-08-29,rogerssandra@goodman.com,001-449-337-0698, Kisumu,Teacher,2026-01-01
323.0,James,Jones,male,1976-11-18,lindamoran@yahoo.com,(534)518-6025x558,Mombasa ,developer,2019-02-26
324.0,Faith,Carpenter,Female,1968-02-02,kelleyjoyce@gmail.com,453.327.5343x429,nairobi,ACCOUNTANT,2024-10-16
325.0,Todd,Ford,Male,1997-06-24,daniel32@hotmail.com,299.779.4136x8840,Mombasa ,developer,2025-12-29
326.0,Cindy,Hammond,Male,1958-07-11,fbarnett@gmail.com,+1-720-517-7244x6252,Mombasa ,,2026-01-08
327.0,Jennifer,Ritter,Male,2002-07-08,campbellmarissa@hotmail.com,728-032-5508x69334,,developer,2024-02-17
328.0,Mary,Warren,,2002-05-15,cheryl41@gmail.com ,(202)071-1814,Mombasa ,developer,2021-12-06
329.0,Julie,Holmes,Female,1962-10-23,ymack@hotmail.com ,+1-629-934-8682x6642,nairobi,Engineer,2023-11-26
330.0,Joshua,Barker,,1983-07-09,vcordova@martinez.org,813-421-7724,Nairobi,,2023-05-03
331.0,Brandi,Boone,FEMALE,1971-07-22,xleon@hotmail.com,(651)845-3171,NAIROBI,ACCOUNTANT,2020-09-02
332.0,Daniel,Alvarez,FEMALE,1997-08-09,teresa02@sandoval.com,001-313-693-6116,Nairobi,,2023-04-18
333.0,Robert,Jones,male,1984-11-24,ethomas@gmail.com ,(913)034-7453x032,,Engineer,2023-07-12
334.0,Haley,Scott,male,1993-01-10,brian58@yahoo.com,(385)025-7737x4496,,,2023-10-30
335.0,Vanessa,Williams,FEMALE,1953-09-02,aliciasmith@kim.com,+1-817-588-1248x3809,,Teacher,2018-11-11
336.0,Donald,Pierce,male,1968-11-08,dawn89@yahoo.com,(687)574-8916x00211,NAIROBI,developer,2021-08-26
337.0,Marcus,Hill,,2008-03-16,everettsharon@callahan-martinez.com ,6619956372,Nairobi,ACCOUNTANT,2025-11-23
338.0,Julia,Martin,,1981-02-26,catherine40@casey.com,651.652.9032x8993,nairobi,Engineer,2018-06-14
339.0,Shane,Lopez,male,1973-06-03,nromero@gmail.com,+1-351-083-0467,nairobi,ACCOUNTANT,2022-08-07
340.0,Meghan,Rivera,Female,1965-12-25,john59@yahoo.com,+1-503-522-7892x55825,Mombasa ,,2026-01-14
341.0,Leslie,Hamilton,Female,1992-11-18,bromero@hotmail.com ,193.937.3456x99695, Kisumu,Engineer,2022-07-15
342.0,Alexa,Bond,,1991-12-23,huynhtrevor@dunn.com ,338-589-8669x114,nairobi,ACCOUNTANT,2023-11-29
343.0,David,Mills,male,1970-03-21,debralucas@chen-gay.com,001-196-882-1716x0149,,Engineer,2020-09-06
344.0,Garrett,Dawson,FEMALE,1959-10-21,laurabutler@yahoo.com,870.302.9142x2926,nairobi,ACCOUNTANT,2024-04-15
345.0,Melissa,Moore,FEMALE,1958-03-22,amber87@gmail.com,0608798941,Nairobi,developer,2024-12-17
346.0,Jennifer,Roberts,Male,1953-05-26,nancy60@miller-solomon.info,001-456-197-8641x799,Nairobi,developer,2023-05-09
347.0,Alyssa,Rowland,Female,1954-02-01,lbrown@burke-huff.com,262.196.0254,,Teacher,2021-01-23
348.0,John,Barry,male,1978-12-18,bentonaustin@hotmail.com,391-371-3431, Kisumu,developer,2023-02-13
349.0,Jon,Kennedy,FEMALE,2002-12-30,jenna73@hotmail.com,001-589-018-2261x23509,Mombasa ,Teacher,2020-01-16
350.0,Natalie,Hanson,male,2002-09-11,blakemurphy@lucas-pugh.org,586-505-6067,nairobi,Teacher,2022-04-10
351.0,Anna,Ross,male,1985-05-28,kaitlincaldwell@yahoo.com ,001-282-616-9852x165,nairobi,ACCOUNTANT,2025-03-27
352.0,Justin,Smith,Female,1968-03-10,samantharoach@hotmail.com,+1-440-464-3806x43557,,developer,2019-01-06
353.0,Alan,Moore,male,2004-04-20,nicole62@vang.info,281.188.1164,,,2022-01-01
354.0,Manuel,Blackwell,,1958-06-28,williamslaura@hodge.com,611.402.2437,Nairobi,,2022-07-14
355.0,William,Barnes,FEMALE,2000-11-30,haynestim@rodriguez.org,001-222-178-9841x58611,nairobi,,2025-09-07
356.0,Jessica,Greer,FEMALE,2003-03-03,wmorton@gmail.com,001-313-105-9093x46104, Kisumu,,2019-02-27
357.0,Donald,Jones,male,1955-06-10,christopherbrown@white-thompson.com ,(738)206-2085,,developer,2022-12-30
358.0,Zachary,Rodriguez,male,1999-01-21,lgutierrez@yahoo.com,983-581-8557x13793,,,2025-01-10
359.0,Brian,Jimenez,Male,1962-10-27,rachel38@gmail.com,2368245624,nairobi,developer,2024-04-13
360.0,Thomas,Austin,FEMALE,1956-12-07,montoyaraven@yahoo.com,001-542-403-2082x29357,nairobi,developer,2024-10-31
361.0,Andrea,Smith,Male,1994-01-01,matthewcaldwell@gonzalez.com,809.294.3388x53980,Mombasa ,ACCOUNTANT,2022-10-17
362.0,Marcus,Harris,Male,1995-07-28,monicaryan@castillo.com,(397)249-6810x450, Kisumu,ACCOUNTANT,2025-03-26
363.0,Susan,Johnson,Female,1993-03-04,esosa@hotmail.com,+1-348-189-3838,,ACCOUNTANT,2020-12-15
364.0,Nicole,Curry,Male,1964-10-26,cooperbrian@kim-hopkins.com,976.395.4243,,developer,2021-01-10
365.0,Laurie,Cooper,Female,2004-07-18,erica73@gmail.com,861-190-9007,Nairobi,Teacher,2022-12-14
366.0,Cory,Bright,Male,1952-03-20,cindynelson@gmail.com ,001-280-057-6501x677,,Teacher,2026-04-28
367.0,Mario,Gonzalez,Female,1981-12-28,ybailey@yahoo.com,001-894-865-2401, Kisumu,,2024-02-06
368.0,Tiffany,Kaiser,Female,2001-04-23,millereric@gmail.com,017.867.4827,NAIROBI,Teacher,2018-08-24
369.0,David,Kent,,1982-02-21,stevehill@santana.com ,8178051246,nairobi,developer,2025-09-16
370.0,Tammy,Flores,Male,2002-01-18,montesdouglas@bailey.com ,(718)441-1635x55518,Mombasa ,ACCOUNTANT,2024-01-10
371.0,Emily,Jennings,FEMALE,1976-06-24,victordavenport@hotmail.com,001-573-057-4873x80933,nairobi,developer,2021-07-26
372.0,Joseph,Ferguson,Female,1986-02-04,brianna20@richards-cobb.org,+1-857-562-8497x809,Mombasa ,ACCOUNTANT,2020-08-27
373.0,Gregory,Williams,FEMALE,1993-02-13,schwartzsarah@bird-flynn.com,593-482-0964x33235,Nairobi,Teacher,2018-11-08
374.0,Shelley,Garcia,Male,1961-11-11,arthurtaylor@campbell-mccoy.com,+1-421-938-6267x78218,nairobi,Teacher,2022-02-16
375.0,Jack,Owens,Male,1963-05-29,jamesdaniel@gmail.com,(210)933-8012x9095,nairobi,,2022-08-25
376.0,Derek,Hebert,Female,1992-09-05,jenningsmatthew@parker.com,(770)143-7940x71002,,Engineer,2025-03-31
377.0,James,Gonzalez,male,1993-10-15,cathyguerrero@morris.com,(318)357-1106x5435,,Engineer,2018-09-24
378.0,Elizabeth,Morrow,Male,1982-02-02,jimmyrose@hotmail.com,261.699.2722, Kisumu,developer,2022-03-16
379.0,Sean,Garcia,male,1961-09-02,jhiggins@martin.org ,9750319939,nairobi,Teacher,2021-03-15
,Timothy,Washington,Male,1973-04-07,millerwilliam@hotmail.com ,976-048-1436,,ACCOUNTANT,2024-03-23
381.0,Richard,Young,male,1991-05-20,nholt@hodges.org,704.372.5872x1271, Kisumu,Engineer,2021-03-13
382.0,Roger,Donovan,FEMALE,1978-01-01,tsmith@turner.com,(551)633-1885,NAIROBI,,2025-11-03
383.0,Denise,Short,FEMALE,2007-05-09,jordansheila@hotmail.com,5975591222,Nairobi,Engineer,2023-12-15
384.0,Jasmine,Gilmore,Male,1982-09-29,brandigaines@hotmail.com,532.157.0748x5935,,Engineer,2020-07-16
385.0,Janice,Beasley,FEMALE,1990-12-05,croberts@king-stevens.com,799-705-1817,Mombasa ,,2022-12-23
386.0,Michael,Wright,,1963-11-12,brian04@sanchez-collier.org,001-232-770-9735x3935,NAIROBI,Teacher,2021-11-12
387.0,Emma,Russell,,1968-05-28,deborahwilliams@yahoo.com,480.285.7886x94908, Kisumu,Teacher,2022-08-06
388.0,Stephanie,Brown,,1997-09-12,yparker@ramsey.com ,(923)532-1545x99404, Kisumu,developer,2023-09-03
389.0,Christina,Mclaughlin,Female,1975-11-09,nlove@yahoo.com,(190)018-7346x43056,,developer,2024-10-16
390.0,Sean,Scott,Female,1975-12-26,gfriedman@gmail.com ,+1-456-370-2124x024,NAIROBI,Teacher,2022-07-25
391.0,Derrick,Matthews,male,1983-10-10,meganmiller@stephens-jefferson.com,297-997-3193, Kisumu,Teacher,2025-11-20
392.0,Eric,Wright,Female,1960-11-30,denisemccullough@yahoo.com ,(370)042-1879, Kisumu,Engineer,2024-04-23
393.0,Kristen,Smith,,1950-07-14,ismith@clark.org,396.479.6856,Mombasa ,,2024-02-12
394.0,Timothy,Pena,,1975-10-12,taylor66@yahoo.com,373-804-5100,Mombasa ,Engineer,2022-08-15
395.0,Robert,Stevens,Female,1984-04-30,maddendavid@hotmail.com,001-229-716-8133x428,nairobi,developer,2018-10-20
396.0,Whitney,Crane,Female,1974-08-04,cynthiahayes@yahoo.com ,(964)810-1204, Kisumu,Teacher,2018-08-26
397.0,James,Smith,FEMALE,1994-10-25,melissa51@moran-scott.com,+1-835-949-6465, Kisumu,,2018-05-30
398.0,Michael,Washington,Female,1970-12-22,kristenmata@hotmail.com,(052)105-8349x19937, Kisumu,,2019-01-14
399.0,Michelle,Roberts,,1998-05-20,bianca96@moreno-freeman.com,0282247068, Kisumu,ACCOUNTANT,2022-02-18
400.0,Kenneth,Aguirre,Female,1981-01-15,alexanderjohn@rivers-diaz.com,001-399-954-4579x39308,Nairobi,,2025-10-30
401.0,Sandra,Adkins,,1981-12-08,hickmanmolly@yahoo.com,(784)377-1371x91668, Kisumu,Engineer,2019-06-22
402.0,Charles,Choi,FEMALE,1965-08-16,rmiller@gmail.com,132.722.4931x67237,nairobi,,2025-07-18
403.0,Christopher,Gibson,Male,1978-12-02,mckinneyandrea@hotmail.com,+1-837-805-1620, Kisumu,Teacher,2019-07-06
404.0,Matthew,Smith,,1959-11-05,fchapman@hotmail.com,934-633-6426,nairobi,Teacher,2022-09-26
405.0,Laurie,Johnson,,2001-04-09,xpena@bryan.info,+1-014-535-4480x200, Kisumu,Engineer,2018-11-04
406.0,Christopher,Bonilla,male,1960-10-03,contrerasandrew@thomas-martinez.info,207.910.8992,Mombasa ,ACCOUNTANT,2025-05-21
407.0,Nicholas,Lowe,Female,1974-12-15,alfredprince@hotmail.com,5205852247,nairobi,,2024-09-29
408.0,Dylan,Cruz,Female,1998-11-26,bsantiago@brown-fernandez.com,001-709-662-9093,nairobi,Teacher,2019-05-02
409.0,Johnny,Lopez,male,1950-07-31,nmata@jackson.biz ,898-264-8361,Mombasa ,developer,2021-08-23
410.0,Kristen,Henry,Male,2003-08-10,qmiddleton@hotmail.com ,293.226.0723x78925,,developer,2023-05-23
411.0,Jason,Aguirre,Male,2003-05-05,hailey65@fitzpatrick.net,693-604-8082x4599, Kisumu,Engineer,2019-06-22
412.0,Amber,Hill,,2002-04-28,bucklaura@bentley.org,+1-755-109-5499x95480,Mombasa ,Engineer,2021-06-21
413.0,Sheri,Roberts,Female,1980-05-24,sarah20@hotmail.com ,+1-654-961-7847x90941,Nairobi,Engineer,2019-11-24
414.0,Adam,Smith,male,1976-06-08,bernardelijah@yahoo.com ,295.812.1751,nairobi,ACCOUNTANT,2022-12-06
415.0,Margaret,Gregory,Male,1974-10-02,helenkim@barrett.com,142.381.8576x4728, Kisumu,developer,2023-06-14
416.0,Daniel,Mcdaniel,Female,1994-07-24,john26@white.com,6057299079,nairobi,Engineer,2025-12-13
417.0,Kimberly,Smith,male,1974-03-22,donna78@johnson-mullen.net,001-171-888-8625,Mombasa ,Teacher,2020-08-31
418.0,John,Jackson,male,1976-09-02,badams@leonard-green.com,001-831-661-9692x345,nairobi,,2023-03-10
419.0,Lindsay,Page,Female,1985-03-18,colinburton@mills-martin.com,284.014.0954x9048,Nairobi,Teacher,2024-03-25
420.0,Margaret,Mcguire,Female,1994-09-10,nathanellison@hotmail.com,091.187.8082x21103,Nairobi,Engineer,2025-07-30
421.0,Jeffrey,Harris,,1955-02-21,adamsdavid@gmail.com ,824.770.5081x3442,,Engineer,2018-11-19
422.0,Eugene,Giles,Male,1982-12-28,beanmichele@gmail.com ,001-533-120-2849x665,Mombasa ,Teacher,2019-10-04
423.0,Linda,Brown,FEMALE,1960-01-11,bshaffer@collins.com ,+1-510-970-7966x919,NAIROBI,Engineer,2021-05-28
424.0,Diana,Jones,male,1978-01-13,terry61@pope-ford.com,700-203-3496x3318,Nairobi,Teacher,2018-12-28
425.0,Madison,Clarke,FEMALE,1966-07-04,avillarreal@cohen.com,493-211-9506,Nairobi,developer,2024-12-17
426.0,Virginia,Brown,male,1979-10-31,brian01@bautista.net,+1-537-596-7252x548,Nairobi,Engineer,2024-11-13
,Terrance,Mcbride,,1975-11-12,eric61@hotmail.com ,(835)262-3286x999,NAIROBI,Engineer,2024-01-19
428.0,Kendra,Poole,Male,1977-12-06,bglenn@le-watson.biz,001-193-715-0237,Mombasa ,Teacher,2022-11-12
429.0,Todd,Wilson,,1958-11-27,harrisbecky@hotmail.com,(238)290-3263,,Engineer,2022-08-19
430.0,Johnny,Simmons,male,1983-02-23,kristinemeadows@gmail.com,+1-301-426-1028x9567,Nairobi,,2025-01-07
431.0,Mark,Short,male,2001-07-04,ygarcia@simmons-zimmerman.com ,253.144.1464x424,Nairobi,Teacher,2025-03-21
432.0,Kevin,Johnson,FEMALE,1959-09-10,weissashlee@hotmail.com ,+1-888-091-8554x3877,nairobi,,2023-11-25
433.0,Marie,Gonzalez,Male,1953-01-18,fdixon@yahoo.com,643-328-1523x00885, Kisumu,,2021-02-27
434.0,Jaclyn,Moses,FEMALE,1953-03-21,bgarcia@carter.com,320-291-1326x0862, Kisumu,,2023-07-23
435.0,Joseph,Gordon,FEMALE,1993-08-11,krystal94@hunt.net,379-186-7628x4998,Mombasa ,Engineer,2019-08-23
436.0,Shane,Rios,Female,1988-10-21,karen95@gmail.com,4833464542,Nairobi,ACCOUNTANT,2021-09-28
437.0,Garrett,Mann,Female,1997-06-25,rosegrace@hotmail.com,+1-318-688-6164,nairobi,Teacher,2023-01-25
438.0,Edward,Arias,FEMALE,1997-07-09,harrisernest@solomon.net,472.216.9458x6495,Nairobi,Engineer,2022-01-14
439.0,Steven,Horne,Female,1979-03-24,dannytucker@campbell.org,971.050.9146x64397,Nairobi,Teacher,2021-07-15
440.0,Scott,Hernandez,,1969-06-01,bethany65@cooper-dean.biz,506-633-9924x13956,,Teacher,2024-08-09
441.0,Andrew,Hansen,male,1973-10-19,justin60@hotmail.com,1156163429,,developer,2022-09-18
442.0,Robert,Harper,FEMALE,2006-07-23,phendricks@martinez.org ,438.736.9706x4090,Mombasa ,Engineer,2026-03-25
443.0,Courtney,Sherman,male,1999-05-05,matthew07@jones.info,932.150.6011x8745, Kisumu,,2023-08-31
444.0,Sarah,Parker,male,1954-06-16,melanieray@hartman-gordon.com,(290)149-6060,nairobi,,2025-05-26
445.0,Alexandra,Mclaughlin,FEMALE,2002-12-06,sandersjessica@hotmail.com ,(256)206-6194x673,nairobi,Teacher,2021-07-18
446.0,Christopher,Donovan,Female,1965-06-05,jessicastanley@humphrey-fuller.com ,+1-433-575-9166x16710,NAIROBI,developer,2020-04-24
447.0,Elizabeth,Ellis,Male,1952-03-01,wperez@gmail.com,+1-394-438-4919x504,nairobi,developer,2021-02-26
448.0,Leslie,Hernandez,Male,2008-02-27,lisa15@hotmail.com,001-973-877-7364x454, Kisumu,Engineer,2020-06-22
,Wayne,Mckinney,Male,2004-12-27,robert59@gmail.com,(377)988-7178x9623,Nairobi,Engineer,2023-11-30
450.0,Ronald,Ho,male,2006-11-03,bradyjason@yahoo.com,(541)415-4500,nairobi,Teacher,2018-07-13
451.0,Sean,May,Female,2000-06-20,perkinsdaniel@gmail.com,(853)267-6738x6038, Kisumu,ACCOUNTANT,2019-09-15
452.0,Justin,Best,Female,1961-09-30,hyates@blanchard-jennings.com,(996)849-9711,nairobi,,2024-11-26
453.0,Nicole,Graham,Female,1979-11-01,javier32@yahoo.com,001-838-170-4930x02873,nairobi,developer,2018-12-29
454.0,Brianna,Davis,,1995-11-12,ncooley@hotmail.com,+1-248-525-9701,nairobi,Teacher,2021-06-14
455.0,Ruth,Weiss,Female,1961-02-08,wongalexander@ray.info,474.159.5972x157,Nairobi,Engineer,2025-10-04
456.0,Lynn,Blankenship,,1974-07-02,dustin59@fleming-duncan.org,001-154-831-3860x21135,Mombasa ,Engineer,2019-06-29
457.0,Sheri,Hanson,Male,2006-11-04,jasmine71@smith.com ,001-585-769-1171,Mombasa ,developer,2020-07-02
458.0,Kaylee,Ortega,,1999-11-24,ronald77@gmail.com,174-234-9472,Mombasa ,Teacher,2019-05-08
459.0,Christopher,Curtis,male,1951-11-06,ubarron@hotmail.com,(278)023-1773x946,NAIROBI,developer,2021-05-16
460.0,Robin,Simpson,,1989-12-05,garciarobert@gmail.com ,1967118005,NAIROBI,developer,2023-07-23
461.0,Tina,Jimenez,Male,1980-11-26,zjones@gmail.com,708-505-0590x320,Nairobi,,2023-04-12
462.0,Nicole,Harris,FEMALE,1952-07-26,smithdiana@hotmail.com,001-346-847-0436x7925,nairobi,,2025-06-01
463.0,Daniel,Gomez,Female,1977-02-18,celliott@zimmerman.com,+1-476-617-6753x44832,Mombasa ,Engineer,2025-09-19
464.0,Beth,Cox,Male,1968-03-02,wcollins@west.com,967.400.6216,Mombasa ,developer,2023-07-28
465.0,Julie,Mccoy,FEMALE,1962-01-30,jason29@yahoo.com,4777066325,nairobi,Teacher,2019-06-11
466.0,Daniel,Jackson,,1980-09-23,daleortiz@chapman.net,366.984.9577x379,,ACCOUNTANT,2025-11-21
467.0,Matthew,Smith,,1965-08-08,lanedebra@sanchez-small.biz ,496-902-0676x43192,nairobi,ACCOUNTANT,2018-05-16
468.0,Mark,Malone,Male,1987-06-12,inovak@sullivan-howell.net,833-377-9091x81283,Mombasa ,Engineer,2019-01-16
469.0,Jerry,Barrera,male,2003-11-21,martinezbrent@hotmail.com,904-296-6126x8026,NAIROBI,Engineer,2021-01-16
470.0,Ashlee,Dunn,,1980-09-05,jrivera@kim.com ,820.580.9328x7803, Kisumu,,2018-07-11
471.0,Kelly,Wagner,,1954-03-20,brianjohnson@jackson.biz,384-792-2503x9289,Nairobi,developer,2022-09-29
472.0,Morgan,Davis,Female,1995-04-01,darrell21@hotmail.com ,001-301-333-5946x24655,Mombasa ,ACCOUNTANT,2024-11-22
473.0,Tara,Brown,Female,2007-07-11,kayla41@hotmail.com,040.288.1550x83200,,ACCOUNTANT,2022-07-28
474.0,Lisa,Green,FEMALE,2003-01-05,nbenson@hotmail.com,+1-781-220-6507x029, Kisumu,Engineer,2019-01-08
475.0,Briana,Johnson,Female,1962-02-03,matthew33@yahoo.com,148-870-4211,NAIROBI,developer,2019-12-28
476.0,Kathy,Lee,male,1958-01-29,wyork@williams.net,583.667.5469x512,Mombasa ,,2019-08-12
477.0,Jennifer,Duncan,male,2000-01-06,tonya25@yahoo.com,001-276-106-1831, Kisumu,ACCOUNTANT,2020-03-12
478.0,Margaret,Flores,,2001-08-03,wmaldonado@hotmail.com,943-525-8403x759,NAIROBI,Engineer,2019-02-27
479.0,Jay,Cohen,Female,1985-08-06,gina94@bradley.com,091.308.7644,NAIROBI,developer,2021-06-17
480.0,Joseph,Cooke,Female,1961-02-16,wesleycharles@gmail.com,747-516-0009,nairobi,Engineer,2024-02-08
481.0,Christian,Chen,,1972-03-31,pamela34@hotmail.com ,(607)840-5607,Mombasa ,Teacher,2018-06-13
482.0,Richard,Williamson,FEMALE,1987-12-29,wendyhoward@garner.com,627.997.4123x3652,nairobi,ACCOUNTANT,2024-10-16
483.0,Megan,Burgess,Female,1972-12-08,angela93@yahoo.com,225-026-7880x2707,,,2023-01-12
484.0,John,Larson,Female,1953-12-28,keithrojas@miller.com,+1-565-173-0460,NAIROBI,ACCOUNTANT,2024-03-27
485.0,Terri,Burns,FEMALE,1972-09-28,loganspencer@yahoo.com,0736537164,,Engineer,2023-05-15
486.0,Alexander,Brown,Male,1991-05-15,lwest@davis.com,500-948-0907, Kisumu,ACCOUNTANT,2020-10-25
487.0,Austin,Martin,FEMALE,1996-07-12,parkershannon@underwood.com ,8452211046, Kisumu,Engineer,2022-02-12
488.0,Jason,Snyder,male,1978-09-29,joyce99@yahoo.com ,075.871.2292x14532, Kisumu,Teacher,2021-02-26
489.0,Jeffrey,Wyatt,FEMALE,1968-01-24,vanessacastro@boyd-patrick.com,442.253.1811x10360,NAIROBI,,2020-05-09
490.0,Lisa,Avila,FEMALE,1981-09-30,zmorris@adams.org,267-138-7402x828, Kisumu,developer,2018-06-07
491.0,Shawn,Pennington,Male,2005-09-30,scott49@rivera.net,215.161.5770x703,Mombasa ,developer,2022-11-03
492.0,Joshua,Hernandez,Female,1968-04-02,armstrongelizabeth@walker.com,686-444-2619,Nairobi,developer,2020-01-26
493.0,Jonathan,Smith,,1967-05-25,cynthia55@gmail.com,297.244.9597,NAIROBI,,2022-04-29
494.0,Brian,Ford,,1955-01-29,ginahurst@lopez.biz ,301.254.3014x027,NAIROBI,Engineer,2020-12-24
495.0,Marcus,Mitchell,Male,1979-07-25,karenmartinez@wilkerson-gardner.com,+1-524-713-8011x850,NAIROBI,ACCOUNTANT,2021-09-25
496.0,Robert,Copeland,male,2006-04-05,crystalking@yahoo.com ,241-885-1887x540,NAIROBI,ACCOUNTANT,2019-05-31
497.0,Nicholas,Baldwin,FEMALE,2002-11-19,burtonkevin@gmail.com,147.894.4889x9246, Kisumu,developer,2022-06-23
498.0,Anthony,Rodriguez,male,1971-02-18,qlewis@jones-wall.com,(154)357-8987x4742,,,2024-06-10
499.0,Michele,Moss,Male,1959-04-01,kara37@gmail.com,(747)939-9012x2917, Kisumu,Engineer,2018-08-18
500.0,Daniel,Williams,male,1997-05-24,daniel52@kelly-phillips.info,001-456-139-3402x2832,,ACCOUNTANT,2023-07-05
1.0,Gloria,Sims,Female,1985-06-04,patrickbarton@houston-doyle.com,(281)203-8357x7258,nairobi,Teacher,2019-05-19
2.0,David,Rodriguez,Male,1983-12-28,mooremadison@gmail.com,+1-638-080-2760x2386,nairobi,ACCOUNTANT,2021-07-05
3.0,Robert,Jones,Male,1952-12-21,robertlewis@park-stewart.biz,556.013.2135x0547,nairobi,Engineer,2021-07-24
4.0,Paul,Bradley,FEMALE,1980-09-19,joshuashaffer@yahoo.com,001-771-727-5965x9549, Kisumu,Teacher,2025-03-20
5.0,Aaron,Garcia,,1970-06-05,townsendjames@williams-becker.com ,(178)171-3862x473, Kisumu,ACCOUNTANT,2020-09-20
6.0,Anthony,Cohen,Female,1973-02-21,levi57@yahoo.com,001-250-729-4212x95184,Nairobi,,2018-12-25
7.0,Oscar,Campbell,,2004-11-02,gphillips@yahoo.com,337-359-0197,NAIROBI,ACCOUNTANT,2024-02-27
8.0,Kyle,Collins,Female,1981-08-23,duarterachel@byrd-nelson.org,(244)146-6196x620, Kisumu,Engineer,2023-03-25
9.0,Sandra,Gardner,,1959-10-11,bill81@gmail.com,(459)456-7941, Kisumu,Teacher,2018-09-12
10.0,Dean,Dean,FEMALE,1952-01-08,megansmith@wood.net,001-251-624-1035x440,Mombasa ,,2023-09-17
11.0,Tami,Thomas,FEMALE,1961-07-23,christopher17@yahoo.com,767.861.4259x01449,Nairobi,Engineer,2021-04-20
12.0,Jason,Bailey,Female,1980-05-01,oscarmitchell@hotmail.com,+1-824-945-9480x7074,NAIROBI,ACCOUNTANT,2021-10-12
13.0,Stacy,Young,male,1980-08-16,rogersrobert@haynes-landry.com,085-124-9701,NAIROBI,ACCOUNTANT,2022-01-16
14.0,Bradley,Thomas,Male,1992-07-18,rebeccamiller@gmail.com,001-173-086-9142x310,Nairobi,,2018-08-03
15.0,Becky,Ramirez,FEMALE,1975-05-17,jeffrey86@wood.net,(994)572-9794,,Teacher,2018-08-25
