customer_id,first_name,last_name,gender,date_of_birth,email,phone_number,city,occupation,join_date,age
1.0,Gloria,Sims,Female,1985-06-04,patrickbarton@houston-doyle.com,(281)203-8357x7258,Nairobi,Teacher,2019-05-19,41
2.0,David,Rodriguez,Male,1983-12-28,mooremadison@gmail.com,+1-638-080-2760x2386,Nairobi,Accountant,2021-07-05,43
3.0,Robert,Jones,Male,1952-12-21,robertlewis@park-stewart.biz,556.013.2135x0547,Nairobi,Engineer,2021-07-24,74
4.0,Paul,Bradley,Female,1980-09-19,joshuashaffer@yahoo.com,001-771-727-5965x9549, Kisumu,Teacher,2025-03-20,46
5.0,Aaron,Garcia,Unknown,1970-06-05,townsendjames@williams-becker.com,(178)171-3862x473, Kisumu,Accountant,2020-09-20,56
6.0,Anthony,Cohen,Female,1973-02-21,levi57@yahoo.com,001-250-729-4212x95184,Nairobi,Unknown,2018-12-25,53
7.0,Oscar,Campbell,Unknown,2004-11-02,gphillips@yahoo.com,337-359-0197,Nairobi,Accountant,2024-02-27,22
8.0,Kyle,Collins,Female,1981-08-23,duarterachel@byrd-nelson.org,(244)146-6196x620, Kisumu,Engineer,2023-03-25,45
9.0,Sandra,Gardner,Unknown,1959-10-11,bill81@gmail.com,(459)456-7941, Kisumu,Teacher,2018-09-12,67
10.0,Dean,Dean,Female,1952-01-08,megansmith@wood.net,001-251-624-1035x440,Mombasa ,Unknown,2023-09-17,74
11.0,Tami,Thomas,Female,1961-07-23,christopher17@yahoo.com,767.861.4259x01449,Nairobi,Engineer,2021-04-20,65
12.0,Jason,Bailey,Female,1980-05-01,oscarmitchell@hotmail.com,+1-824-945-9480x7074,Nairobi,Accountant,2021-10-12,46
13.0,Stacy,Young,Male,1980-08-16,rogersrobert@haynes-landry.com,085-124-9701,Nairobi,Accountant,2022-01-16,46
14.0,Bradley,Thomas,Male,1992-07-18,rebeccamiller@gmail.com,001-173-086-9142x310,Nairobi,Unknown,2018-08-03,34
15.0,Becky,Ramirez,Female,1975-05-17,jeffrey86@wood.net,(994)572-9794,Unknown,Teacher,2018-08-25,51
16.0,Nicholas,Mccullough,Unknown,2001-06-30,dwolf@yahoo.com,635.398.3374x3532,Nairobi,Unknown,2023-07-18,25
17.0,Patrick,Barker,Unknown,1971-10-07,tyler23@williams-harper.com,674-699-4121x95470,Mombasa ,Teacher,2025-09-29,55
18.0,Kevin,Leonard,Male,1969-07-22,vwu@patterson-galvan.com,151-049-4270x830,Unknown,Teacher,2026-03-28,57
19.0,Erin,Rodriguez,Male,1999-03-26,powersemily@clark.com,003-769-6615x8489,Unknown,Developer,2019-08-07,27
20.0,Eric,Cox,Female,1973-06-03,allenjennifer@patterson.com,001-954-149-2831x6290,Nairobi,Teacher,2019-04-13,53
21.0,Scott,Solis,Male,1983-10-03,paul93@yahoo.com,693.032.9720,Nairobi,Developer,2020-10-13,43
22.0,David,Flores,Male,1994-08-26,willisdawn@graham-lee.com,001-602-310-3518x28310,Nairobi,Developer,2021-02-15,32
23.0,Travis,Lewis,Female,1999-11-10,kreynolds@banks.biz,600.428.6212x724,Mombasa ,Developer,2018-10-07,27
24.0,Jonathan,Martin,Female,1968-08-20,zlee@yahoo.com,(945)409-8380, Kisumu,Unknown,2019-06-30,58
25.0,Autumn,Myers,Male,1999-08-26,donna92@fletcher.info,001-194-050-7286x6357,Mombasa ,Engineer,2019-08-19,27
26.0,Amber,Dickson,Female,1991-03-28,bellamy@gmail.com,259-398-1976x6221,Unknown,Engineer,2026-02-14,35
28.0,Karen,Wolfe,Unknown,2000-11-26,vincent38@wallace-miller.com,480.158.9456x3905, Kisumu,Unknown,2023-05-09,26
29.0,Amanda,Castillo,Unknown,1977-04-14,charles31@carter.com,693-813-2996,Unknown,Teacher,2019-01-04,49
30.0,Tina,Price,Unknown,1960-12-14,dennisdavid@evans.com,6481598916,Mombasa ,Developer,2020-12-18,66
31.0,Lisa,Ruiz,Female,2005-04-09,ryanbarrett@yahoo.com,+1-248-732-5264,Nairobi,Engineer,2021-10-10,21
32.0,Jason,Murphy,Male,1965-07-09,sosachristopher@yahoo.com,118.925.1549x960,Nairobi,Teacher,2022-01-10,61
35.0,Rebecca,Middleton,Unknown,1966-06-08,jessica28@hotmail.com,492.242.1296,Nairobi,Teacher,2020-09-27,60
36.0,Allen,Maddox,Female,1960-02-29,dwright@chambers.com,(516)968-1508x352,Nairobi,Teacher,2023-12-15,66
37.0,Stephen,Cole,Male,1970-01-03,debra43@mccoy.com,(884)330-9855x6428,Mombasa ,Engineer,2024-02-13,56
38.0,Todd,Sanchez,Female,1962-06-08,jacksonkelly@gmail.com,440-646-8483, Kisumu,Unknown,2023-02-06,64
39.0,Evan,Saunders,Unknown,2002-09-30,ericcoleman@gmail.com,+1-203-746-7379x7784, Kisumu,Unknown,2022-01-29,24
40.0,Sandra,Osborne,Male,1994-04-11,roberta55@rivera.info,(060)502-9657x2193,Nairobi,Accountant,2023-03-31,32
41.0,John,Davis,Female,1965-11-16,sanchezjamie@chambers-washington.com,001-459-940-4714x4064,Nairobi,Accountant,2024-02-28,61
42.0,Bryan,Smith,Unknown,1958-01-15,kevin56@gmail.com,(786)154-4837,Nairobi,Accountant,2021-03-16,68
43.0,Diana,Roman,Female,1955-04-15,lisahernandez@johnson.com,507-053-8108,Mombasa ,Engineer,2022-08-05,71
44.0,Jamie,Macias,Female,1999-02-18,fbrown@hotmail.com,001-723-465-4133x9936,Nairobi,Teacher,2022-08-02,27
45.0,Justin,Hughes,Female,1991-12-01,christophermedina@kelly.org,(606)570-9961x82146,Unknown,Accountant,2022-12-20,35
46.0,Anthony,Gutierrez,Female,1956-09-09,robert93@johnson.com,1921898768,Unknown,Unknown,2023-01-01,70
47.0,Veronica,Shepard,Male,1960-08-17,aliciagriffin@gmail.com,+1-321-849-9918x537,Nairobi,Engineer,2018-11-24,66
48.0,Patricia,Baldwin,Male,1951-12-07,patelalicia@allen.info,001-870-101-7209x8158, Kisumu,Accountant,2018-10-07,75
49.0,Jessica,Cain,Female,1966-01-29,millermichael@walton.com,661.620.1790x248,Nairobi,Teacher,2019-12-27,60
50.0,Jose,Williams,Male,1977-04-06,eatontanya@stafford.com,001-264-920-0586,Unknown,Engineer,2023-10-18,49
51.0,Kimberly,Daniels,Female,1976-07-10,michaelray@hotmail.com,+1-340-119-4577x19148,Unknown,Unknown,2025-02-27,50
52.0,Kelly,Briggs,Female,1983-09-22,joshua32@hotmail.com,(372)003-0254x72277,Unknown,Teacher,2019-12-26,43
53.0,Robin,Peterson,Female,1997-07-31,ogrant@ortega.biz,001-393-762-7962x606,Nairobi,Engineer,2019-11-18,29
54.0,Michelle,Erickson,Female,1982-07-08,pshaw@hotmail.com,078.513.4952,Nairobi,Accountant,2024-07-11,44
55.0,Susan,Williams,Female,1955-09-11,christine84@hicks.com,230-000-3446x982,Nairobi,Engineer,2018-12-16,71
56.0,Rachel,Wilson,Female,1971-09-28,bennettchristina@gmail.com,5241697722,Unknown,Teacher,2019-02-13,55
57.0,Catherine,Shepherd,Female,1972-08-22,jeffreygriffith@gmail.com,(947)255-1039x45347,Nairobi,Engineer,2026-04-23,54
59.0,Marcus,Smith,Unknown,1961-10-23,fosterjoseph@turner.org,001-197-286-1228x92641,Nairobi,Teacher,2024-02-03,65
60.0,Tommy,Rodriguez,Male,1981-02-22,michael20@yahoo.com,+1-278-557-1047,Unknown,Accountant,2019-12-21,45
61.0,Jennifer,Greer,Unknown,1988-01-12,cookcollin@marshall.net,629-166-4130x4877, Kisumu,Engineer,2018-07-20,38
62.0,Bethany,Williamson,Unknown,1999-01-20,iking@wilson.net,991-695-9097x4178,Mombasa ,Engineer,2023-03-17,27
63.0,Monica,Byrd,Female,1959-11-02,ncruz@yahoo.com,+1-545-445-8691x78495,Mombasa ,Accountant,2019-08-02,67
64.0,Sherri,Lutz,Unknown,1980-03-12,ayalajohn@velazquez.com,(677)373-3333,Unknown,Accountant,2019-02-28,46
65.0,Timothy,Green,Female,2007-02-04,racheldelgado@gmail.com,(866)364-4817,Nairobi,Accountant,2020-10-12,19
66.0,Matthew,Steele,Female,1961-02-16,austin65@king.com,001-263-938-3082,Nairobi,Accountant,2019-11-10,65
67.0,Kyle,Gonzalez,Male,2004-09-29,zimmermanamanda@freeman-gonzales.info,231.286.0385x8391,Nairobi,Developer,2021-01-03,22
68.0,Kimberly,Yates,Unknown,1967-08-16,milesshelby@yahoo.com,864-139-6523,Nairobi,Unknown,2024-12-16,59
69.0,Sharon,Brooks,Unknown,1950-11-25,kyleaguilar@calhoun.com,5514421458, Kisumu,Engineer,2025-08-29,76
70.0,Jasmine,Weaver,Male,1984-11-17,mcmahondouglas@gmail.com,465-283-3345,Nairobi,Developer,2023-07-07,42
71.0,Gary,Baxter,Male,1977-03-04,welchdesiree@gmail.com,003-197-9381,Nairobi,Teacher,2018-11-07,49
72.0,Angelica,Lucas,Female,2000-10-05,vincentrodriguez@maldonado.com,(067)636-7428x12912,Unknown,Unknown,2019-12-19,26
73.0,Tammy,Hawkins,Female,1989-11-14,sparkstiffany@yahoo.com,(271)867-3599x71324,Unknown,Unknown,2020-05-15,37
74.0,Kaitlyn,Evans,Female,1955-01-03,laura06@carter-carey.com,799.450.5670,Nairobi,Teacher,2025-11-02,71
75.0,Amanda,Roberts,Female,1969-10-10,gabriellehicks@martin-perry.net,+1-505-318-5191x49672,Unknown,Engineer,2022-01-30,57
76.0,Zachary,Walker,Female,1969-12-31,brandondavis@olson-hunter.biz,671.710.9065,Mombasa ,Unknown,2025-11-17,57
77.0,Stephen,Taylor,Male,1985-08-22,turnercharles@martin-grant.com,032-905-7627x405,Unknown,Unknown,2025-08-13,41
79.0,Charles,Newman,Unknown,1961-09-18,melinda74@hotmail.com,+1-618-455-7207x3535, Kisumu,Teacher,2023-05-22,65
80.0,Sean,Barnes,Female,1995-10-14,ndavis@gmail.com,(339)183-1989x84185,Nairobi,Teacher,2025-04-07,31
81.0,April,Newman,Male,1990-03-24,xtaylor@gmail.com,+1-917-751-2626x049,Nairobi,Unknown,2025-01-22,36
82.0,Maria,Wilson,Female,1973-02-06,villegasgregory@carter-walsh.biz,364.765.8233x0413,Unknown,Unknown,2025-01-15,53
83.0,David,Richards,Unknown,1964-01-13,ngamble@velasquez.biz,(282)416-8971, Kisumu,Developer,2025-02-10,62
84.0,Scott,Little,Male,2001-09-21,snowrichard@hobbs.com,034.165.1320x066,Unknown,Engineer,2019-11-07,25
85.0,Tasha,Swanson,Male,1958-08-14,michele49@hotmail.com,4968272735,Nairobi,Teacher,2020-04-20,68
86.0,Jacob,Davis,Male,1967-01-28,jameslogan@gmail.com,8005557395,Nairobi,Teacher,2022-09-18,59
87.0,Brian,Garcia,Male,1998-10-16,michael68@moore.net,+1-620-847-1988,Nairobi,Accountant,2019-06-14,28
88.0,Edwin,Garcia,Male,2007-08-13,brian53@kelley-taylor.com,001-217-661-0269x6143,Nairobi,Accountant,2025-08-02,19
89.0,Brendan,Nicholson,Male,1956-10-22,joshua22@yahoo.com,001-830-360-7652x218,Nairobi,Teacher,2018-08-22,70
90.0,Jennifer,Hayes,Male,1959-04-14,johnarcher@gmail.com,001-317-903-4454x59629, Kisumu,Engineer,2026-04-18,67
91.0,Vincent,Jordan,Unknown,1969-01-27,dennishicks@yahoo.com,271.261.3534x4966,Nairobi,Unknown,2022-03-25,57
92.0,Christopher,Jones,Male,1976-12-19,bfranklin@smith-hall.com,847.847.1069x253,Nairobi,Accountant,2022-01-31,50
93.0,Suzanne,Garcia,Female,1989-02-04,hansonvanessa@gmail.com,+1-241-157-3619x235,Nairobi,Developer,2020-12-03,37
94.0,Mary,Fisher,Female,1952-12-30,vincent46@hotmail.com,001-176-910-7385x66798, Kisumu,Developer,2023-07-30,74
95.0,Thomas,Jackson,Male,1960-06-08,justin18@yahoo.com,001-404-800-7835x8508,Nairobi,Unknown,2020-08-06,66
96.0,Anna,Pittman,Female,1961-09-02,obutler@gmail.com,214-943-1327,Nairobi,Teacher,2021-08-26,65
97.0,James,Watts,Male,1951-02-07,keiththomas@perez-thomas.info,924.786.2525x6034,Unknown,Unknown,2025-07-08,75
98.0,Edward,Brooks,Male,2001-05-26,hsmith@hotmail.com,250-445-6025x26480,Mombasa ,Accountant,2019-09-27,25
99.0,Donna,Carlson,Male,1959-11-22,marymckenzie@mason-cordova.com,131-901-7116,Unknown,Unknown,2020-06-10,67
100.0,Joseph,Young,Female,1976-03-14,njones@gmail.com,(124)196-1918x37045,Mombasa ,Teacher,2022-03-18,50
101.0,Pamela,Johnson,Male,1957-02-20,wfox@yahoo.com,4624026811, Kisumu,Unknown,2023-04-24,69
102.0,Robert,White,Male,1969-09-27,kellyphillips@hill-vasquez.com,2621814287,Nairobi,Teacher,2019-02-04,57
103.0,Michelle,Walsh,Male,1963-06-29,warrencheryl@price-ross.com,(054)339-9769x970, Kisumu,Engineer,2025-11-17,63
104.0,Autumn,Beck,Male,1971-10-19,angelareynolds@griffin.com,369-537-0513,Nairobi,Engineer,2024-01-14,55
105.0,Gary,Pittman,Male,1956-03-22,erobinson@wilson-brewer.com,001-907-565-9753x8560,Nairobi,Unknown,2019-08-01,70
106.0,Julia,Wright,Male,1990-08-29,karnold@duke-anderson.com,398-124-7373, Kisumu,Engineer,2018-11-23,36
107.0,Kathryn,Larson,Unknown,1970-03-01,eric89@hotmail.com,(330)257-8403,Nairobi,Developer,2018-06-23,56
108.0,Mark,Mendoza,Unknown,1994-04-08,tracywilliams@hotmail.com,+1-372-447-8834,Nairobi,Accountant,2023-05-23,32
109.0,Ashley,Marshall,Unknown,1975-09-08,howellmorgan@yahoo.com,+1-796-690-8527x11187, Kisumu,Accountant,2020-09-28,51
110.0,Karen,Smith,Male,2000-08-22,james52@rivera.com,6377654876, Kisumu,Engineer,2019-02-08,26
111.0,Regina,Griffin,Male,2006-12-31,mary25@hotmail.com,497-468-3098x626,Nairobi,Teacher,2022-06-20,20
112.0,Stephanie,Williams,Female,1987-05-28,jasmin20@myers.net,001-084-976-7246,Unknown,Teacher,2025-03-21,39
113.0,Ashley,Jones,Female,1978-05-02,jmitchell@andersen.com,+1-663-113-8051x86045,Nairobi,Developer,2024-04-02,48
114.0,Caitlin,Fowler,Unknown,1952-07-07,jasmineparker@parsons.com,+1-519-210-7028,Nairobi,Accountant,2024-11-07,74
115.0,Warren,Luna,Female,1990-02-08,jessicarivera@yahoo.com,+1-521-817-9684,Nairobi,Unknown,2026-03-09,36
116.0,Michael,Clark,Female,1979-12-06,hburnett@johnson-hodge.com,(772)236-3724,Unknown,Developer,2023-03-07,47
117.0,Christopher,Wheeler,Female,2008-02-17,blairbailey@yahoo.com,211.166.2699x60375,Unknown,Unknown,2022-05-22,18
118.0,Wendy,Bowers,Unknown,1951-02-20,rwalker@moore-howe.info,169-546-2944x6038,Nairobi,Teacher,2023-10-27,75
119.0,Thomas,Gray,Male,1964-03-30,princejennifer@hotmail.com,390-612-6741x66012,Unknown,Unknown,2023-07-11,62
120.0,Leslie,Anderson,Female,2002-07-09,hedwards@braun.info,001-449-195-4352,Nairobi,Developer,2022-02-20,24
121.0,Jose,Price,Male,1962-03-02,lopezbrittany@hotmail.com,764-940-3333x92392,Unknown,Developer,2023-04-21,64
122.0,Michael,Shaw,Unknown,1960-09-07,brucekyle@parks.com,763-232-1475x0874,Mombasa ,Developer,2018-06-20,66
123.0,Timothy,Daniels,Unknown,2005-01-01,lynn17@nelson.com,(071)420-0324x6999,Nairobi,Developer,2020-10-27,21
125.0,Julia,Adams,Female,1967-08-09,robin08@smith.com,204.332.2498,Nairobi,Teacher,2019-10-12,59
126.0,Michael,Shelton,Female,1993-06-17,nathanday@perez.org,646-536-4631x1323,Nairobi,Unknown,2025-05-30,33
127.0,Teresa,Richardson,Unknown,2004-12-31,sandovalkaren@gibbs.com,+1-299-814-6844x02679,Nairobi,Unknown,2024-08-24,22
128.0,Tommy,Coffey,Female,2001-02-11,nicole33@crane-vargas.com,241.020.0748x24737,Nairobi,Teacher,2021-12-25,25
129.0,Ashley,Fisher,Female,1982-10-08,humphreybonnie@gmail.com,+1-383-503-2972,Unknown,Engineer,2020-05-13,44
130.0,Gary,Johnson,Female,1993-05-23,annalynch@gmail.com,366-296-8335x623,Nairobi,Teacher,2022-01-21,33
131.0,Sean,Howard,Male,1994-07-04,sandrahardy@stewart.org,+1-103-913-4646x7365,Nairobi,Engineer,2019-04-25,32
132.0,Samuel,Mcmillan,Male,1979-05-04,allen58@perez.info,(814)146-0915,Nairobi,Developer,2022-02-08,47
133.0,Adrienne,Perez,Unknown,1975-07-18,kristi18@yahoo.com,001-029-719-1362,Mombasa ,Unknown,2024-02-08,51
134.0,Amber,Cook,Male,1965-03-13,penny88@gmail.com,788.868.0466x140,Unknown,Unknown,2019-06-30,61
135.0,Heather,Ferguson,Female,1991-07-02,liuanthony@johnson.biz,578-738-7090,Nairobi,Developer,2024-06-24,35
136.0,Benjamin,Campbell,Female,2006-10-10,brookeevans@hotmail.com,392-675-4899x24436,Mombasa ,Teacher,2023-03-21,20
137.0,Latoya,Sanchez,Female,1960-11-14,rebecca29@roth.com,001-602-700-7355x6260, Kisumu,Accountant,2020-04-27,66
138.0,Tiffany,Henson,Male,2003-11-18,iwebb@ross.info,313-354-6854,Unknown,Developer,2021-02-07,23
139.0,Wesley,Friedman,Female,1953-11-02,spencerpaul@gmail.com,793-178-7224x9557,Nairobi,Developer,2022-01-02,73
140.0,Denise,Clay,Unknown,1997-08-07,matthewsherman@gmail.com,8465739911,Mombasa ,Developer,2023-07-30,29
141.0,Lynn,Jensen,Male,1959-11-26,pittmanpaul@hotmail.com,615-303-4660x52774,Unknown,Unknown,2019-08-04,67
142.0,Michele,Rodriguez,Female,1986-04-26,castilloandrew@huang-ellis.com,130-587-3700x350, Kisumu,Developer,2022-08-10,40
143.0,Samantha,Keller,Female,1956-11-19,marcus29@hotmail.com,732-500-8537, Kisumu,Developer,2025-11-16,70
144.0,Melissa,Wolfe,Female,1986-03-04,lucasaaron@kelley.com,(635)117-4627,Mombasa ,Developer,2018-11-11,40
145.0,Mathew,White,Female,2004-04-03,millerlinda@schroeder.biz,(156)467-3050x1864,Nairobi,Unknown,2020-04-18,22
146.0,Jeremiah,Moreno,Male,1991-10-13,aross@rowe.com,531.479.7973x76398,Nairobi,Accountant,2022-09-27,35
147.0,James,Cooley,Male,1974-07-16,jason30@yahoo.com,333-575-5604,Mombasa ,Developer,2019-08-21,52
148.0,Brenda,Ellis,Unknown,1998-03-01,holderjohn@williamson.com,+1-565-870-4304x54196,Nairobi,Unknown,2024-06-06,28
149.0,Theresa,Morgan,Female,1984-06-30,benjamingordon@gmail.com,001-924-566-7618x0014,Nairobi,Engineer,2019-04-13,42
150.0,Emma,Gonzalez,Unknown,1968-07-08,theresa61@gmail.com,001-061-269-6519x58361,Nairobi,Teacher,2021-07-12,58
151.0,James,Mason,Female,2003-05-14,amorrison@yahoo.com,001-576-220-8309x02307,Unknown,Developer,2020-10-30,23
152.0,Brandi,Crane,Male,1964-09-21,hillkevin@gmail.com,5153793241,Nairobi,Engineer,2024-04-25,62
153.0,Cynthia,Hill,Female,1981-12-03,christopherthompson@yahoo.com,2640583399,Mombasa ,Teacher,2023-09-20,45
154.0,Kelly,Le,Unknown,2004-02-13,gcortez@gmail.com,5308649147,Mombasa ,Engineer,2020-12-24,22
155.0,Richard,Yang,Female,1969-10-10,tara90@gmail.com,(090)190-2406, Kisumu,Teacher,2026-02-03,57
156.0,Christopher,Mclaughlin,Female,1995-10-22,kristenwalsh@wood.info,902.211.4832x0580,Nairobi,Teacher,2022-11-25,31
157.0,Suzanne,Franklin,Female,2002-03-25,wendy08@hotmail.com,001-562-407-9653x917,Nairobi,Unknown,2021-06-12,24
158.0,James,Ford,Male,1999-12-23,carterjessica@russell-black.biz,001-369-061-3877x3496,Mombasa ,Teacher,2023-06-26,27
159.0,Thomas,Silva,Male,1959-10-23,michael90@petty.org,+1-471-993-7666x81037, Kisumu,Engineer,2022-05-27,67
160.0,Michael,Cox,Female,1990-12-14,robertglenn@yahoo.com,587-008-8244,Nairobi,Teacher,2021-01-30,36
161.0,Mark,Scott,Female,1956-11-15,michaellivingston@gmail.com,(168)907-2218,Nairobi,Engineer,2019-03-22,70
162.0,Donna,Short,Female,1980-10-25,robertdean@bradley.com,(746)523-4685,Nairobi,Developer,2023-06-13,46
163.0,Alex,Davis,Male,1950-06-24,jamescurry@padilla.com,584-931-3808,Nairobi,Developer,2018-10-02,76
164.0,Rebecca,Howard,Female,1954-02-19,beardjohn@martinez.com,418-117-0708,Nairobi,Developer,2025-03-29,72
165.0,Christopher,Stone,Female,2000-03-09,michael96@yahoo.com,7412256068,Unknown,Unknown,2022-09-02,26
166.0,Frank,Miller,Male,1995-12-13,samuel59@yahoo.com,+1-853-378-9340,Nairobi,Teacher,2025-06-25,31
167.0,Shane,Hall,Unknown,1961-03-23,longvanessa@gmail.com,008-292-3371x2583,Mombasa ,Engineer,2023-06-07,65
168.0,Laura,Gonzales,Female,1950-06-24,jfox@fitzgerald-mathis.com,3852734998,Nairobi,Unknown,2023-06-21,76
169.0,Matthew,Smith,Male,1976-07-14,mary83@kelley.com,(308)022-5636, Kisumu,Developer,2020-01-20,50
170.0,Corey,Romero,Female,2001-12-14,rodriguezrebecca@jensen.net,1378590878,Unknown,Teacher,2018-05-14,25
171.0,Bethany,Harris,Female,1977-04-13,christopher97@rasmussen.com,234-941-7763,Nairobi,Engineer,2025-09-30,49
173.0,Tony,Bailey,Female,1957-07-14,jspencer@rivera.com,(634)483-8932x3429,Nairobi,Teacher,2022-01-02,69
174.0,Joseph,Johnson,Female,1968-08-14,jmcdonald@yahoo.com,209-032-3343,Nairobi,Accountant,2019-04-02,58
175.0,Jessica,Hicks,Male,1992-03-01,david25@hotmail.com,+1-494-013-9335,Unknown,Developer,2018-10-28,34
176.0,Ethan,Moss,Male,1995-12-09,cpatton@collins.com,489.036.1956x4487,Nairobi,Teacher,2020-11-28,31
177.0,Matthew,Norman,Male,1953-11-03,lindsaygreen@baker.com,+1-181-734-5703x9540,Nairobi,Accountant,2021-09-28,73
178.0,Annette,Ball,Female,1991-06-11,qthomas@yahoo.com,5375092527,Nairobi,Developer,2026-04-27,35
179.0,David,Campos,Female,1988-06-06,wwilson@gmail.com,599-975-8771, Kisumu,Developer,2026-03-23,38
180.0,Justin,Summers,Male,2003-10-15,kellycarter@gmail.com,001-378-727-1290x575,Mombasa ,Teacher,2025-08-01,23
181.0,Nichole,Barnes,Female,1954-01-30,sheltonvalerie@hotmail.com,001-178-943-2266,Mombasa ,Teacher,2019-04-25,72
182.0,Gina,Moore,Female,1963-09-22,gcrawford@yahoo.com,001-238-396-9146,Nairobi,Unknown,2023-10-07,63
183.0,David,Norton,Male,2002-05-25,jesse49@gmail.com,299.001.0669,Nairobi,Unknown,2025-12-03,24
184.0,Suzanne,Anderson,Unknown,1970-11-27,christina12@hotmail.com,001-337-798-8675x2051,Unknown,Unknown,2021-01-12,56
185.0,Matthew,Chung,Male,1993-12-16,jennifer18@gmail.com,+1-578-850-6288x1378, Kisumu,Teacher,2026-03-16,33
187.0,Matthew,Lee,Female,1962-09-07,swansontyler@snyder-thomas.com,(282)796-0913x2088,Mombasa ,Developer,2020-02-02,64
188.0,Sheila,Kramer,Female,2006-03-04,jeremyjordan@yahoo.com,(741)590-5468,Unknown,Unknown,2025-09-19,20
189.0,Chase,Howe,Female,1980-05-30,clarkdebra@gmail.com,(057)487-2483x1382,Nairobi,Unknown,2024-01-24,46
190.0,Samuel,Chambers,Unknown,1980-08-09,xrocha@yahoo.com,001-147-946-6730,Nairobi,Developer,2024-09-17,46
191.0,Susan,Evans,Female,1974-11-08,thompsonjacqueline@gmail.com,001-790-929-2874x26184,Unknown,Teacher,2023-04-05,52
192.0,Patricia,Holmes,Unknown,1956-04-02,westtara@yahoo.com,+1-193-930-8346x82455,Mombasa ,Teacher,2021-07-07,70
193.0,David,Murray,Male,1998-12-21,emilycarrillo@hotmail.com,4866295439,Nairobi,Teacher,2023-10-21,28
194.0,Jason,Hernandez,Female,1954-08-30,jcline@rogers.com,(966)807-7618,Nairobi,Developer,2019-10-01,72
195.0,Amy,Ochoa,Female,1986-04-24,ogonzalez@atkinson-simon.com,428-338-5752x45370,Unknown,Teacher,2024-06-08,40
196.0,Robert,Moore,Male,2006-07-27,fdelgado@hotmail.com,097.784.4920x2909, Kisumu,Unknown,2019-07-25,20
197.0,Jordan,Woods,Male,1953-03-06,elizabeth38@bradford.com,865.149.3476x3626,Nairobi,Engineer,2024-01-20,73
198.0,Stephanie,Cannon,Female,1976-08-14,sandra49@sanchez.com,+1-035-745-0886, Kisumu,Engineer,2020-02-16,50
199.0,Mark,May,Female,1969-10-19,donaldwalker@yahoo.com,921.446.3243x84823,Nairobi,Accountant,2022-11-21,57
200.0,Theodore,Powers,Male,1985-07-15,dgordon@boyd-guzman.com,(583)475-7069,Nairobi,Teacher,2023-03-20,41
202.0,Jacqueline,Graham,Female,1974-10-27,tammysanders@hotmail.com,0822655486,Nairobi,Accountant,2024-02-27,52
203.0,Melissa,Mckinney,Unknown,1986-03-23,svega@smith-andrews.biz,+1-624-628-1465x46994,Nairobi,Unknown,2020-03-01,40
204.0,Carl,Williams,Female,1971-04-16,danafischer@ferguson.com,001-444-583-5792x5737,Nairobi,Teacher,2022-01-11,55
205.0,Jennifer,Brown,Unknown,1961-04-28,katieacosta@martinez.com,(517)739-6319x05215,Nairobi,Engineer,2019-03-25,65
206.0,Christopher,Thompson,Male,1976-12-04,hbowen@gmail.com,001-335-360-5035,Nairobi,Unknown,2021-12-25,50
207.0,Jenny,Jackson,Female,1985-11-09,ofleming@yahoo.com,(999)093-3899x115,Nairobi,Developer,2024-11-26,41
208.0,Maurice,Thompson,Female,1978-09-06,smithedward@massey.com,2749715350,Nairobi,Engineer,2019-02-01,48
209.0,Tina,Glover,Female,1979-11-04,ronnie56@gmail.com,(219)374-9711,Nairobi,Developer,2019-04-30,47
210.0,Lisa,Patel,Female,1989-09-24,ramirezbecky@powers.com,340-404-1317,Nairobi,Accountant,2019-06-29,37
211.0,William,Bean,Female,2000-08-16,christineburns@reyes.info,824.390.6261,Nairobi,Developer,2020-02-24,26
212.0,Andrew,Fischer,Male,1994-08-17,erica68@yahoo.com,299-245-6871x3789,Nairobi,Unknown,2020-06-02,32
213.0,Valerie,Henry,Male,1974-05-04,michele60@yahoo.com,378-938-1510x189,Nairobi,Unknown,2018-11-30,52
214.0,Dakota,Nguyen,Female,1996-06-05,silvadaniel@norman.com,960-756-2838x0520,Nairobi,Teacher,2018-10-10,30
215.0,Christopher,Moss,Female,1958-10-06,stacy38@hotmail.com,001-214-500-3511x18045,Nairobi,Developer,2022-06-16,68
216.0,Tiffany,Novak,Male,1961-10-05,shane29@thompson.com,+1-680-659-2448x689,Nairobi,Engineer,2021-05-08,65
218.0,Sharon,Saunders,Male,2008-04-06,fmiller@gmail.com,(898)939-9390x81417,Nairobi,Engineer,2026-01-01,18
219.0,Paul,Wilson,Female,1990-07-24,cindy86@gmail.com,001-279-171-0505x519,Nairobi,Teacher,2021-04-21,36
220.0,Angela,Jackson,Female,1964-06-20,andre75@hotmail.com,001-581-421-0890x4108,Nairobi,Developer,2020-11-24,62
221.0,Peter,Deleon,Unknown,2007-09-22,yday@peck.com,639-789-3422,Mombasa ,Teacher,2021-03-16,19
222.0,Patrick,Waller,Unknown,1980-03-10,robert79@gmail.com,787.669.8104x515,Nairobi,Engineer,2019-07-11,46
223.0,Michelle,Andrews,Unknown,1955-11-16,ericvargas@spencer-mosley.com,(619)596-2324,Mombasa ,Engineer,2020-01-28,71
224.0,Katherine,Perry,Male,1998-03-27,anthonyjames@gmail.com,1669524980, Kisumu,Engineer,2021-05-03,28
225.0,Tricia,Schroeder,Male,2001-04-26,aheath@wilson.com,464-459-8842x7741,Unknown,Engineer,2021-01-14,25
226.0,Tonya,Griffin,Unknown,1972-02-05,tony42@yahoo.com,116-413-5060x857,Unknown,Teacher,2023-03-27,54
227.0,Michael,Parker,Male,1950-11-16,ambersmith@bridges.com,357.363.9037, Kisumu,Developer,2023-04-30,76
228.0,Ruben,Manning,Male,1995-03-28,danielle86@gmail.com,6021367147,Nairobi,Accountant,2018-08-09,31
229.0,Andrea,Gomez,Female,1989-06-05,tim28@lane-thompson.org,+1-274-132-8428x3732,Mombasa ,Accountant,2024-03-30,37
230.0,John,Sawyer,Male,1990-06-26,nixonbrenda@crosby.com,487.484.2270,Mombasa ,Developer,2019-11-06,36
231.0,Thomas,Torres,Unknown,1979-07-27,drogers@yahoo.com,029-143-6596x10776,Mombasa ,Engineer,2022-03-27,47
232.0,John,Allen,Female,2004-06-11,dpowell@yahoo.com,001-791-796-9584x07547,Nairobi,Unknown,2020-02-09,22
233.0,Stephanie,Fowler,Male,1952-05-11,melissa92@little.com,447.660.6299, Kisumu,Accountant,2025-06-08,74
234.0,Karen,Davis,Male,1994-09-27,randyfowler@yahoo.com,757-518-1493,Nairobi,Unknown,2018-10-09,32
235.0,Betty,Weeks,Unknown,1972-04-06,yfernandez@yahoo.com,936-664-3013x68544, Kisumu,Developer,2021-03-09,54
236.0,Barbara,Adams,Female,1995-05-07,lawrence88@hotmail.com,552-737-8678x97762,Nairobi,Accountant,2021-10-08,31
237.0,Joshua,Duncan,Male,1972-09-21,udyer@hotmail.com,190-027-3303,Mombasa ,Unknown,2020-01-16,54
238.0,Nicole,Martinez,Female,1994-09-17,joanna08@evans-jones.net,+1-501-671-8823x0148,Unknown,Engineer,2026-01-26,32
239.0,Scott,Salas,Male,1984-01-16,burchjames@murray.com,(616)788-2699,Nairobi,Engineer,2020-12-25,42
240.0,Nicholas,Garcia,Unknown,1956-12-10,vaughanchristina@monroe.com,001-814-219-9694x557,Mombasa ,Engineer,2018-11-19,70
241.0,Cynthia,Chaney,Female,1955-12-15,lmiller@hotmail.com,921-229-9733,Nairobi,Accountant,2025-06-06,71
242.0,Sarah,Parker,Male,1978-07-15,jasonbullock@martinez.com,+1-359-918-3652,Nairobi,Engineer,2024-11-10,48
243.0,Mark,Conner,Male,2004-06-01,zwillis@hotmail.com,223.586.7468,Mombasa ,Engineer,2024-09-13,22
244.0,Joseph,Rivera,Male,1953-07-19,hardyjoy@farrell.com,+1-186-179-2771x852, Kisumu,Teacher,2023-08-12,73
245.0,Devon,Green,Male,1972-04-25,ctodd@hotmail.com,+1-124-570-8573x73915,Mombasa ,Accountant,2020-09-06,54
246.0,Penny,Chandler,Male,1958-02-28,geraldevans@yahoo.com,350-340-2655, Kisumu,Developer,2024-10-05,68
247.0,Melanie,Soto,Male,2000-11-25,joseph69@yahoo.com,+1-963-547-1559x18764,Nairobi,Accountant,2018-06-29,26
248.0,Jonathan,Chang,Male,1976-05-02,sara07@yahoo.com,(285)303-5003x6173,Mombasa ,Engineer,2025-04-30,50
249.0,Tara,Cuevas,Male,1955-02-03,wileydanielle@rubio.biz,518-353-4837x1505, Kisumu,Unknown,2020-12-25,71
250.0,James,Moore,Unknown,1956-06-07,gpatel@hotmail.com,972-926-4620x04767,Nairobi,Teacher,2025-01-09,70
251.0,Sarah,Richards,Female,1964-10-26,michellehutchinson@allison.com,869.460.5214x95087, Kisumu,Developer,2022-12-29,62
252.0,Marie,Estrada,Male,2001-06-20,melissa87@dunlap.com,(282)883-0009,Nairobi,Developer,2024-10-07,25
253.0,April,Gonzalez,Male,1990-09-13,gwang@hotmail.com,584.021.2600x50902,Nairobi,Accountant,2022-08-06,36
254.0,Christine,Fox,Male,1987-10-29,richardparker@yahoo.com,001-549-266-5691x7379, Kisumu,Engineer,2019-04-06,39
255.0,Jessica,Sanchez,Male,1974-07-08,gordonmary@marquez-gross.com,001-363-240-9693x11699,Nairobi,Unknown,2021-09-07,52
256.0,Amanda,Lewis,Female,1994-04-10,youngmartin@ayala-fields.org,(440)617-3012x95867,Nairobi,Engineer,2024-10-12,32
257.0,Randy,Nichols,Female,2005-02-27,angelastanton@hotmail.com,(120)483-9165,Unknown,Engineer,2019-05-09,21
258.0,Margaret,Gould,Male,1960-06-24,nicholas91@yahoo.com,861.425.4621x881,Nairobi,Teacher,2025-07-31,66
259.0,Andrew,Bowman,Unknown,1971-07-22,rachelcox@yahoo.com,(223)589-3229x69752, Kisumu,Accountant,2019-11-26,55
260.0,Kathleen,Stephenson,Unknown,1990-06-10,robinsonjeffery@sloan.com,+1-081-606-0165x302,Nairobi,Engineer,2018-09-22,36
261.0,Andrea,Roy,Male,1952-09-02,jlynn@yahoo.com,001-936-423-2107x39022,Nairobi,Developer,2022-07-30,74
262.0,Jennifer,West,Female,1952-10-31,xsanders@yahoo.com,(499)708-8804,Nairobi,Teacher,2019-06-12,74
263.0,Cameron,Brown,Female,1972-04-10,shawn28@morgan-powell.com,868.170.4881,Nairobi,Accountant,2022-08-10,54
264.0,Mallory,Lawrence,Unknown,1952-02-28,xmitchell@lyons-merritt.com,+1-319-247-4590x96491,Mombasa ,Accountant,2019-01-16,74
265.0,Carrie,Anderson,Male,1973-04-02,fking@hardy.com,733-569-9048x565,Unknown,Teacher,2025-11-13,53
266.0,Kelsey,Norris,Female,1962-11-27,wjones@gmail.com,457.603.3781x808,Nairobi,Developer,2023-12-25,64
267.0,Christina,Rowland,Female,1969-10-03,michaelbrown@martin-morgan.com,060-698-6415x558,Unknown,Developer,2024-12-31,57
268.0,Alyssa,Diaz,Male,1961-12-20,jeffreygordon@hotmail.com,4973331263,Unknown,Teacher,2018-05-27,65
269.0,Kylie,Oliver,Male,1994-03-26,deanhayes@hotmail.com,410-620-4237x916,Nairobi,Accountant,2019-03-10,32
270.0,Steven,Ramirez,Unknown,2003-06-30,diana96@french-rodriguez.info,+1-201-935-2161,Nairobi,Engineer,2023-10-02,23
271.0,Tricia,Jones,Unknown,1969-06-11,angelastone@logan.com,(511)779-9080,Nairobi,Engineer,2024-02-10,57
272.0,Brian,Scott,Female,2001-10-05,barnesvictoria@yahoo.com,001-660-126-6282x2732,Unknown,Unknown,2023-05-30,25
273.0,Brooke,Rodriguez,Female,1960-08-21,cindy14@gmail.com,+1-377-831-6968x82778,Nairobi,Developer,2018-12-20,66
274.0,Shelly,Smith,Unknown,2001-03-19,williamsmckenzie@farley.com,919-038-6522, Kisumu,Teacher,2022-04-16,25
275.0,Paul,Gonzalez,Female,1976-02-05,georgebrian@gmail.com,294-326-3946x11006,Nairobi,Accountant,2019-11-18,50
276.0,Nathan,Parks,Female,1973-06-18,ashley36@mclaughlin.com,(162)576-5102x9254, Kisumu,Teacher,2020-11-21,53
277.0,Craig,Burke,Female,1999-05-07,tmartin@hotmail.com,+1-009-883-4988x84541,Nairobi,Teacher,2019-11-08,27
278.0,Nicole,Lane,Female,1961-02-17,brandon92@dixon.org,+1-575-620-7196x683,Nairobi,Teacher,2026-02-17,65
279.0,Phillip,Browning,Female,1992-05-25,pbrown@gmail.com,955-747-6014x2232,Unknown,Teacher,2021-06-17,34
280.0,Amy,Williams,Male,1998-07-21,williamsonjohn@hotmail.com,+1-412-327-2976x1494, Kisumu,Unknown,2022-02-18,28
281.0,John,Lawson,Unknown,1981-07-11,charles70@gmail.com,496-209-0967x711,Nairobi,Developer,2024-12-16,45
282.0,Christy,Booth,Female,1999-04-10,crystalanderson@brown-lynch.com,+1-557-574-0022x08961,Nairobi,Teacher,2026-02-24,27
283.0,Tammy,Hamilton,Male,1959-06-29,mercadojennifer@hotmail.com,(090)821-5206x917,Unknown,Unknown,2026-01-10,67
284.0,Brittany,Brown,Female,1996-02-10,patrick54@martinez.com,001-505-050-1179x745,Unknown,Engineer,2021-10-01,30
285.0,Krystal,Ray,Male,1994-12-04,douglassmith@gmail.com,(962)390-7068x3583,Nairobi,Unknown,2022-07-22,32
286.0,Kevin,Franklin,Male,1966-03-22,jordanheidi@yahoo.com,001-244-620-9902x958,Nairobi,Unknown,2020-06-04,60
287.0,Beth,Cross,Unknown,1961-07-01,ulopez@rodriguez.info,(291)904-3907x3566,Nairobi,Accountant,2018-05-30,65
288.0,Laura,Wells,Female,1950-07-08,wperez@clark.com,+1-883-432-8245x60562, Kisumu,Teacher,2021-08-20,76
289.0,Jamie,Norman,Male,1966-12-07,simmonsryan@gmail.com,001-971-955-8628x81760,Nairobi,Teacher,2025-12-08,60
290.0,Cheryl,Harrell,Male,1998-09-05,afranco@smith.com,(953)861-9427,Nairobi,Accountant,2022-02-07,28
291.0,Eric,Davis,Male,1951-02-06,cooperelizabeth@price.com,001-924-114-5371x60578,Mombasa ,Teacher,2025-06-07,75
292.0,Jamie,Byrd,Female,2000-04-01,sally76@dixon.info,192.982.5000x35336, Kisumu,Unknown,2026-01-31,26
293.0,Daniel,Dodson,Unknown,2003-06-25,patrickmcdonald@gmail.com,590.879.8825,Nairobi,Unknown,2025-12-25,23
294.0,Jacqueline,Young,Female,1985-05-12,zamorajustin@jordan.biz,001-618-208-0528x32262,Nairobi,Teacher,2022-06-13,41
295.0,Melissa,Boyle,Unknown,1953-08-22,lopezsean@gmail.com,(940)344-5235x0257,Unknown,Unknown,2019-02-17,73
296.0,Paula,Jones,Female,1989-12-17,briansmith@hotmail.com,(380)134-6395x287,Unknown,Teacher,2021-12-26,37
297.0,Kimberly,Higgins,Male,1971-02-19,zdavis@yahoo.com,789-367-8356,Nairobi,Unknown,2020-06-26,55
298.0,Emily,Brooks,Unknown,2005-11-21,kimberlywashington@hotmail.com,001-641-886-8714x0118,Mombasa ,Engineer,2019-03-13,21
299.0,Dean,Patterson,Female,1990-05-04,harrellchristine@yahoo.com,001-098-105-7043x3341,Unknown,Accountant,2018-10-12,36
300.0,Jesse,Morrison,Male,1992-02-16,deborahwhite@hotmail.com,641.455.3462x62003, Kisumu,Engineer,2018-10-26,34
301.0,Craig,Carlson,Female,1987-11-04,zhowe@hogan.com,001-839-943-6180x5994,Unknown,Unknown,2023-12-30,39
302.0,Maria,Jones,Female,1958-10-10,xcase@yahoo.com,001-120-855-6793x210,Nairobi,Accountant,2021-03-01,68
303.0,Jay,House,Male,1975-04-26,james75@hotmail.com,+1-866-181-6929x1760,Unknown,Engineer,2019-01-05,51
304.0,Kayla,Hutchinson,Male,1951-06-16,justin31@odonnell.com,+1-275-625-7655,Unknown,Accountant,2020-12-11,75
305.0,Gloria,Cooper,Female,1970-05-06,christina78@estrada-george.com,1881406557,Unknown,Unknown,2025-12-13,56
306.0,Katherine,Garrett,Male,1961-03-27,xmorrison@morton.com,(164)847-2015,Nairobi,Engineer,2023-12-31,65
307.0,Martin,Valentine,Male,1962-12-16,lambertlaura@gmail.com,102-850-8068x838,Unknown,Teacher,2024-10-02,64
308.0,Christina,Ramirez,Female,1952-02-17,jeffreyross@hotmail.com,2862853948,Nairobi,Unknown,2019-06-29,74
309.0,David,Dean,Female,1992-11-14,zacharywebb@arnold.com,317-945-4109x3972,Nairobi,Unknown,2021-12-08,34
310.0,Kelly,Mathews,Female,1995-09-07,grayisaiah@preston-mitchell.biz,+1-162-683-5863x87661,Nairobi,Developer,2020-10-08,31
311.0,Nicholas,Deleon,Female,1976-06-22,vhopkins@curry-jacobs.com,0243702848, Kisumu,Unknown,2025-08-29,50
312.0,Michelle,Rojas,Female,1963-02-19,ryan19@hotmail.com,627.630.7832,Unknown,Developer,2020-01-13,63
314.0,Kyle,Obrien,Female,1954-10-04,josephcarlson@chang.biz,(387)278-9862,Unknown,Accountant,2025-10-17,72
315.0,Mark,Hopkins,Female,2007-05-23,dhughes@melendez.com,(083)580-4750x8281,Mombasa ,Developer,2020-01-28,19
316.0,Jennifer,Decker,Male,1953-11-30,stewartangela@whitehead.com,384-289-9635x2353,Nairobi,Developer,2024-06-11,73
317.0,Ashley,Mathews,Female,1959-01-25,katherinegilmore@obrien.com,001-258-085-1142,Mombasa ,Developer,2019-01-12,67
318.0,Carla,Orozco,Unknown,2003-08-31,samanthadavis@gmail.com,1264059125, Kisumu,Engineer,2024-10-19,23
319.0,Anthony,Cooke,Male,1982-07-13,nicholaslewis@gmail.com,+1-370-348-2549x05704,Mombasa ,Developer,2023-06-13,44
320.0,John,Owens,Male,1972-07-20,drodriguez@gomez.com,001-574-907-9684x89088, Kisumu,Engineer,2026-01-23,54
321.0,Kristie,Wall,Female,2003-01-03,jonescurtis@yahoo.com,169.100.1149,Nairobi,Accountant,2018-11-10,23
322.0,Christopher,Solomon,Female,1999-08-29,rogerssandra@goodman.com,001-449-337-0698, Kisumu,Teacher,2026-01-01,27
323.0,James,Jones,Male,1976-11-18,lindamoran@yahoo.com,(534)518-6025x558,Mombasa ,Developer,2019-02-26,50
324.0,Faith,Carpenter,Female,1968-02-02,kelleyjoyce@gmail.com,453.327.5343x429,Nairobi,Accountant,2024-10-16,58
325.0,Todd,Ford,Male,1997-06-24,daniel32@hotmail.com,299.779.4136x8840,Mombasa ,Developer,2025-12-29,29
326.0,Cindy,Hammond,Male,1958-07-11,fbarnett@gmail.com,+1-720-517-7244x6252,Mombasa ,Unknown,2026-01-08,68
327.0,Jennifer,Ritter,Male,2002-07-08,campbellmarissa@hotmail.com,728-032-5508x69334,Unknown,Developer,2024-02-17,24
328.0,Mary,Warren,Unknown,2002-05-15,cheryl41@gmail.com,(202)071-1814,Mombasa ,Developer,2021-12-06,24
329.0,Julie,Holmes,Female,1962-10-23,ymack@hotmail.com,+1-629-934-8682x6642,Nairobi,Engineer,2023-11-26,64
330.0,Joshua,Barker,Unknown,1983-07-09,vcordova@martinez.org,813-421-7724,Nairobi,Unknown,2023-05-03,43
331.0,Brandi,Boone,Female,1971-07-22,xleon@hotmail.com,(651)845-3171,Nairobi,Accountant,2020-09-02,55
332.0,Daniel,Alvarez,Female,1997-08-09,teresa02@sandoval.com,001-313-693-6116,Nairobi,Unknown,2023-04-18,29
333.0,Robert,Jones,Male,1984-11-24,ethomas@gmail.com,(913)034-7453x032,Unknown,Engineer,2023-07-12,42
334.0,Haley,Scott,Male,1993-01-10,brian58@yahoo.com,(385)025-7737x4496,Unknown,Unknown,2023-10-30,33
335.0,Vanessa,Williams,Female,1953-09-02,aliciasmith@kim.com,+1-817-588-1248x3809,Unknown,Teacher,2018-11-11,73
336.0,Donald,Pierce,Male,1968-11-08,dawn89@yahoo.com,(687)574-8916x00211,Nairobi,Developer,2021-08-26,58
337.0,Marcus,Hill,Unknown,2008-03-16,everettsharon@callahan-martinez.com,6619956372,Nairobi,Accountant,2025-11-23,18
338.0,Julia,Martin,Unknown,1981-02-26,catherine40@casey.com,651.652.9032x8993,Nairobi,Engineer,2018-06-14,45
339.0,Shane,Lopez,Male,1973-06-03,nromero@gmail.com,+1-351-083-0467,Nairobi,Accountant,2022-08-07,53
340.0,Meghan,Rivera,Female,1965-12-25,john59@yahoo.com,+1-503-522-7892x55825,Mombasa ,Unknown,2026-01-14,61
341.0,Leslie,Hamilton,Female,1992-11-18,bromero@hotmail.com,193.937.3456x99695, Kisumu,Engineer,2022-07-15,34
342.0,Alexa,Bond,Unknown,1991-12-23,huynhtrevor@dunn.com,338-589-8669x114,Nairobi,Accountant,2023-11-29,35
343.0,David,Mills,Male,1970-03-21,debralucas@chen-gay.com,001-196-882-1716x0149,Unknown,Engineer,2020-09-06,56
344.0,Garrett,Dawson,Female,1959-10-21,laurabutler@yahoo.com,870.302.9142x2926,Nairobi,Accountant,2024-04-15,67
345.0,Melissa,Moore,Female,1958-03-22,amber87@gmail.com,0608798941,Nairobi,Developer,2024-12-17,68
346.0,Jennifer,Roberts,Male,1953-05-26,nancy60@miller-solomon.info,001-456-197-8641x799,Nairobi,Developer,2023-05-09,73
347.0,Alyssa,Rowland,Female,1954-02-01,lbrown@burke-huff.com,262.196.0254,Unknown,Teacher,2021-01-23,72
348.0,John,Barry,Male,1978-12-18,bentonaustin@hotmail.com,391-371-3431, Kisumu,Developer,2023-02-13,48
349.0,Jon,Kennedy,Female,2002-12-30,jenna73@hotmail.com,001-589-018-2261x23509,Mombasa ,Teacher,2020-01-16,24
350.0,Natalie,Hanson,Male,2002-09-11,blakemurphy@lucas-pugh.org,586-505-6067,Nairobi,Teacher,2022-04-10,24
351.0,Anna,Ross,Male,1985-05-28,kaitlincaldwell@yahoo.com,001-282-616-9852x165,Nairobi,Accountant,2025-03-27,41
352.0,Justin,Smith,Female,1968-03-10,samantharoach@hotmail.com,+1-440-464-3806x43557,Unknown,Developer,2019-01-06,58
353.0,Alan,Moore,Male,2004-04-20,nicole62@vang.info,281.188.1164,Unknown,Unknown,2022-01-01,22
354.0,Manuel,Blackwell,Unknown,1958-06-28,williamslaura@hodge.com,611.402.2437,Nairobi,Unknown,2022-07-14,68
355.0,William,Barnes,Female,2000-11-30,haynestim@rodriguez.org,001-222-178-9841x58611,Nairobi,Unknown,2025-09-07,26
356.0,Jessica,Greer,Female,2003-03-03,wmorton@gmail.com,001-313-105-9093x46104, Kisumu,Unknown,2019-02-27,23
357.0,Donald,Jones,Male,1955-06-10,christopherbrown@white-thompson.com,(738)206-2085,Unknown,Developer,2022-12-30,71
358.0,Zachary,Rodriguez,Male,1999-01-21,lgutierrez@yahoo.com,983-581-8557x13793,Unknown,Unknown,2025-01-10,27
359.0,Brian,Jimenez,Male,1962-10-27,rachel38@gmail.com,2368245624,Nairobi,Developer,2024-04-13,64
360.0,Thomas,Austin,Female,1956-12-07,montoyaraven@yahoo.com,001-542-403-2082x29357,Nairobi,Developer,2024-10-31,70
361.0,Andrea,Smith,Male,1994-01-01,matthewcaldwell@gonzalez.com,809.294.3388x53980,Mombasa ,Accountant,2022-10-17,32
362.0,Marcus,Harris,Male,1995-07-28,monicaryan@castillo.com,(397)249-6810x450, Kisumu,Accountant,2025-03-26,31
363.0,Susan,Johnson,Female,1993-03-04,esosa@hotmail.com,+1-348-189-3838,Unknown,Accountant,2020-12-15,33
364.0,Nicole,Curry,Male,1964-10-26,cooperbrian@kim-hopkins.com,976.395.4243,Unknown,Developer,2021-01-10,62
365.0,Laurie,Cooper,Female,2004-07-18,erica73@gmail.com,861-190-9007,Nairobi,Teacher,2022-12-14,22
366.0,Cory,Bright,Male,1952-03-20,cindynelson@gmail.com,001-280-057-6501x677,Unknown,Teacher,2026-04-28,74
367.0,Mario,Gonzalez,Female,1981-12-28,ybailey@yahoo.com,001-894-865-2401, Kisumu,Unknown,2024-02-06,45
368.0,Tiffany,Kaiser,Female,2001-04-23,millereric@gmail.com,017.867.4827,Nairobi,Teacher,2018-08-24,25
369.0,David,Kent,Unknown,1982-02-21,stevehill@santana.com,8178051246,Nairobi,Developer,2025-09-16,44
370.0,Tammy,Flores,Male,2002-01-18,montesdouglas@bailey.com,(718)441-1635x55518,Mombasa ,Accountant,2024-01-10,24
371.0,Emily,Jennings,Female,1976-06-24,victordavenport@hotmail.com,001-573-057-4873x80933,Nairobi,Developer,2021-07-26,50
372.0,Joseph,Ferguson,Female,1986-02-04,brianna20@richards-cobb.org,+1-857-562-8497x809,Mombasa ,Accountant,2020-08-27,40
373.0,Gregory,Williams,Female,1993-02-13,schwartzsarah@bird-flynn.com,593-482-0964x33235,Nairobi,Teacher,2018-11-08,33
374.0,Shelley,Garcia,Male,1961-11-11,arthurtaylor@campbell-mccoy.com,+1-421-938-6267x78218,Nairobi,Teacher,2022-02-16,65
375.0,Jack,Owens,Male,1963-05-29,jamesdaniel@gmail.com,(210)933-8012x9095,Nairobi,Unknown,2022-08-25,63
376.0,Derek,Hebert,Female,1992-09-05,jenningsmatthew@parker.com,(770)143-7940x71002,Unknown,Engineer,2025-03-31,34
377.0,James,Gonzalez,Male,1993-10-15,cathyguerrero@morris.com,(318)357-1106x5435,Unknown,Engineer,2018-09-24,33
378.0,Elizabeth,Morrow,Male,1982-02-02,jimmyrose@hotmail.com,261.699.2722, Kisumu,Developer,2022-03-16,44
379.0,Sean,Garcia,Male,1961-09-02,jhiggins@martin.org,9750319939,Nairobi,Teacher,2021-03-15,65
381.0,Richard,Young,Male,1991-05-20,nholt@hodges.org,704.372.5872x1271, Kisumu,Engineer,2021-03-13,35
382.0,Roger,Donovan,Female,1978-01-01,tsmith@turner.com,(551)633-1885,Nairobi,Unknown,2025-11-03,48
383.0,Denise,Short,Female,2007-05-09,jordansheila@hotmail.com,5975591222,Nairobi,Engineer,2023-12-15,19
384.0,Jasmine,Gilmore,Male,1982-09-29,brandigaines@hotmail.com,532.157.0748x5935,Unknown,Engineer,2020-07-16,44
385.0,Janice,Beasley,Female,1990-12-05,croberts@king-stevens.com,799-705-1817,Mombasa ,Unknown,2022-12-23,36
386.0,Michael,Wright,Unknown,1963-11-12,brian04@sanchez-collier.org,001-232-770-9735x3935,Nairobi,Teacher,2021-11-12,63
387.0,Emma,Russell,Unknown,1968-05-28,deborahwilliams@yahoo.com,480.285.7886x94908, Kisumu,Teacher,2022-08-06,58
388.0,Stephanie,Brown,Unknown,1997-09-12,yparker@ramsey.com,(923)532-1545x99404, Kisumu,Developer,2023-09-03,29
389.0,Christina,Mclaughlin,Female,1975-11-09,nlove@yahoo.com,(190)018-7346x43056,Unknown,Developer,2024-10-16,51
390.0,Sean,Scott,Female,1975-12-26,gfriedman@gmail.com,+1-456-370-2124x024,Nairobi,Teacher,2022-07-25,51
391.0,Derrick,Matthews,Male,1983-10-10,meganmiller@stephens-jefferson.com,297-997-3193, Kisumu,Teacher,2025-11-20,43
392.0,Eric,Wright,Female,1960-11-30,denisemccullough@yahoo.com,(370)042-1879, Kisumu,Engineer,2024-04-23,66
393.0,Kristen,Smith,Unknown,1950-07-14,ismith@clark.org,396.479.6856,Mombasa ,Unknown,2024-02-12,76
394.0,Timothy,Pena,Unknown,1975-10-12,taylor66@yahoo.com,373-804-5100,Mombasa ,Engineer,2022-08-15,51
395.0,Robert,Stevens,Female,1984-04-30,maddendavid@hotmail.com,001-229-716-8133x428,Nairobi,Developer,2018-10-20,42
396.0,Whitney,Crane,Female,1974-08-04,cynthiahayes@yahoo.com,(964)810-1204, Kisumu,Teacher,2018-08-26,52
397.0,James,Smith,Female,1994-10-25,melissa51@moran-scott.com,+1-835-949-6465, Kisumu,Unknown,2018-05-30,32
398.0,Michael,Washington,Female,1970-12-22,kristenmata@hotmail.com,(052)105-8349x19937, Kisumu,Unknown,2019-01-14,56
399.0,Michelle,Roberts,Unknown,1998-05-20,bianca96@moreno-freeman.com,0282247068, Kisumu,Accountant,2022-02-18,28
400.0,Kenneth,Aguirre,Female,1981-01-15,alexanderjohn@rivers-diaz.com,001-399-954-4579x39308,Nairobi,Unknown,2025-10-30,45
401.0,Sandra,Adkins,Unknown,1981-12-08,hickmanmolly@yahoo.com,(784)377-1371x91668, Kisumu,Engineer,2019-06-22,45
402.0,Charles,Choi,Female,1965-08-16,rmiller@gmail.com,132.722.4931x67237,Nairobi,Unknown,2025-07-18,61
403.0,Christopher,Gibson,Male,1978-12-02,mckinneyandrea@hotmail.com,+1-837-805-1620, Kisumu,Teacher,2019-07-06,48
404.0,Matthew,Smith,Unknown,1959-11-05,fchapman@hotmail.com,934-633-6426,Nairobi,Teacher,2022-09-26,67
405.0,Laurie,Johnson,Unknown,2001-04-09,xpena@bryan.info,+1-014-535-4480x200, Kisumu,Engineer,2018-11-04,25
406.0,Christopher,Bonilla,Male,1960-10-03,contrerasandrew@thomas-martinez.info,207.910.8992,Mombasa ,Accountant,2025-05-21,66
407.0,Nicholas,Lowe,Female,1974-12-15,alfredprince@hotmail.com,5205852247,Nairobi,Unknown,2024-09-29,52
408.0,Dylan,Cruz,Female,1998-11-26,bsantiago@brown-fernandez.com,001-709-662-9093,Nairobi,Teacher,2019-05-02,28
409.0,Johnny,Lopez,Male,1950-07-31,nmata@jackson.biz,898-264-8361,Mombasa ,Developer,2021-08-23,76
410.0,Kristen,Henry,Male,2003-08-10,qmiddleton@hotmail.com,293.226.0723x78925,Unknown,Developer,2023-05-23,23
411.0,Jason,Aguirre,Male,2003-05-05,hailey65@fitzpatrick.net,693-604-8082x4599, Kisumu,Engineer,2019-06-22,23
412.0,Amber,Hill,Unknown,2002-04-28,bucklaura@bentley.org,+1-755-109-5499x95480,Mombasa ,Engineer,2021-06-21,24
413.0,Sheri,Roberts,Female,1980-05-24,sarah20@hotmail.com,+1-654-961-7847x90941,Nairobi,Engineer,2019-11-24,46
414.0,Adam,Smith,Male,1976-06-08,bernardelijah@yahoo.com,295.812.1751,Nairobi,Accountant,2022-12-06,50
415.0,Margaret,Gregory,Male,1974-10-02,helenkim@barrett.com,142.381.8576x4728, Kisumu,Developer,2023-06-14,52
416.0,Daniel,Mcdaniel,Female,1994-07-24,john26@white.com,6057299079,Nairobi,Engineer,2025-12-13,32
417.0,Kimberly,Smith,Male,1974-03-22,donna78@johnson-mullen.net,001-171-888-8625,Mombasa ,Teacher,2020-08-31,52
418.0,John,Jackson,Male,1976-09-02,badams@leonard-green.com,001-831-661-9692x345,Nairobi,Unknown,2023-03-10,50
419.0,Lindsay,Page,Female,1985-03-18,colinburton@mills-martin.com,284.014.0954x9048,Nairobi,Teacher,2024-03-25,41
420.0,Margaret,Mcguire,Female,1994-09-10,nathanellison@hotmail.com,091.187.8082x21103,Nairobi,Engineer,2025-07-30,32
421.0,Jeffrey,Harris,Unknown,1955-02-21,adamsdavid@gmail.com,824.770.5081x3442,Unknown,Engineer,2018-11-19,71
422.0,Eugene,Giles,Male,1982-12-28,beanmichele@gmail.com,001-533-120-2849x665,Mombasa ,Teacher,2019-10-04,44
423.0,Linda,Brown,Female,1960-01-11,bshaffer@collins.com,+1-510-970-7966x919,Nairobi,Engineer,2021-05-28,66
424.0,Diana,Jones,Male,1978-01-13,terry61@pope-ford.com,700-203-3496x3318,Nairobi,Teacher,2018-12-28,48
425.0,Madison,Clarke,Female,1966-07-04,avillarreal@cohen.com,493-211-9506,Nairobi,Developer,2024-12-17,60
426.0,Virginia,Brown,Male,1979-10-31,brian01@bautista.net,+1-537-596-7252x548,Nairobi,Engineer,2024-11-13,47
428.0,Kendra,Poole,Male,1977-12-06,bglenn@le-watson.biz,001-193-715-0237,Mombasa ,Teacher,2022-11-12,49
429.0,Todd,Wilson,Unknown,1958-11-27,harrisbecky@hotmail.com,(238)290-3263,Unknown,Engineer,2022-08-19,68
430.0,Johnny,Simmons,Male,1983-02-23,kristinemeadows@gmail.com,+1-301-426-1028x9567,Nairobi,Unknown,2025-01-07,43
431.0,Mark,Short,Male,2001-07-04,ygarcia@simmons-zimmerman.com,253.144.1464x424,Nairobi,Teacher,2025-03-21,25
432.0,Kevin,Johnson,Female,1959-09-10,weissashlee@hotmail.com,+1-888-091-8554x3877,Nairobi,Unknown,2023-11-25,67
433.0,Marie,Gonzalez,Male,1953-01-18,fdixon@yahoo.com,643-328-1523x00885, Kisumu,Unknown,2021-02-27,73
434.0,Jaclyn,Moses,Female,1953-03-21,bgarcia@carter.com,320-291-1326x0862, Kisumu,Unknown,2023-07-23,73
435.0,Joseph,Gordon,Female,1993-08-11,krystal94@hunt.net,379-186-7628x4998,Mombasa ,Engineer,2019-08-23,33
436.0,Shane,Rios,Female,1988-10-21,karen95@gmail.com,4833464542,Nairobi,Accountant,2021-09-28,38
437.0,Garrett,Mann,Female,1997-06-25,rosegrace@hotmail.com,+1-318-688-6164,Nairobi,Teacher,2023-01-25,29
438.0,Edward,Arias,Female,1997-07-09,harrisernest@solomon.net,472.216.9458x6495,Nairobi,Engineer,2022-01-14,29
439.0,Steven,Horne,Female,1979-03-24,dannytucker@campbell.org,971.050.9146x64397,Nairobi,Teacher,2021-07-15,47
440.0,Scott,Hernandez,Unknown,1969-06-01,bethany65@cooper-dean.biz,506-633-9924x13956,Unknown,Teacher,2024-08-09,57
441.0,Andrew,Hansen,Male,1973-10-19,justin60@hotmail.com,1156163429,Unknown,Developer,2022-09-18,53
442.0,Robert,Harper,Female,2006-07-23,phendricks@martinez.org,438.736.9706x4090,Mombasa ,Engineer,2026-03-25,20
443.0,Courtney,Sherman,Male,1999-05-05,matthew07@jones.info,932.150.6011x8745, Kisumu,Unknown,2023-08-31,27
444.0,Sarah,Parker,Male,1954-06-16,melanieray@hartman-gordon.com,(290)149-6060,Nairobi,Unknown,2025-05-26,72
445.0,Alexandra,Mclaughlin,Female,2002-12-06,sandersjessica@hotmail.com,(256)206-6194x673,Nairobi,Teacher,2021-07-18,24
446.0,Christopher,Donovan,Female,1965-06-05,jessicastanley@humphrey-fuller.com,+1-433-575-9166x16710,Nairobi,Developer,2020-04-24,61
447.0,Elizabeth,Ellis,Male,1952-03-01,wperez@gmail.com,+1-394-438-4919x504,Nairobi,Developer,2021-02-26,74
448.0,Leslie,Hernandez,Male,2008-02-27,lisa15@hotmail.com,001-973-877-7364x454, Kisumu,Engineer,2020-06-22,18
450.0,Ronald,Ho,Male,2006-11-03,bradyjason@yahoo.com,(541)415-4500,Nairobi,Teacher,2018-07-13,20
451.0,Sean,May,Female,2000-06-20,perkinsdaniel@gmail.com,(853)267-6738x6038, Kisumu,Accountant,2019-09-15,26
452.0,Justin,Best,Female,1961-09-30,hyates@blanchard-jennings.com,(996)849-9711,Nairobi,Unknown,2024-11-26,65
453.0,Nicole,Graham,Female,1979-11-01,javier32@yahoo.com,001-838-170-4930x02873,Nairobi,Developer,2018-12-29,47
454.0,Brianna,Davis,Unknown,1995-11-12,ncooley@hotmail.com,+1-248-525-9701,Nairobi,Teacher,2021-06-14,31
455.0,Ruth,Weiss,Female,1961-02-08,wongalexander@ray.info,474.159.5972x157,Nairobi,Engineer,2025-10-04,65
456.0,Lynn,Blankenship,Unknown,1974-07-02,dustin59@fleming-duncan.org,001-154-831-3860x21135,Mombasa ,Engineer,2019-06-29,52
457.0,Sheri,Hanson,Male,2006-11-04,jasmine71@smith.com,001-585-769-1171,Mombasa ,Developer,2020-07-02,20
458.0,Kaylee,Ortega,Unknown,1999-11-24,ronald77@gmail.com,174-234-9472,Mombasa ,Teacher,2019-05-08,27
459.0,Christopher,Curtis,Male,1951-11-06,ubarron@hotmail.com,(278)023-1773x946,Nairobi,Developer,2021-05-16,75
460.0,Robin,Simpson,Unknown,1989-12-05,garciarobert@gmail.com,1967118005,Nairobi,Developer,2023-07-23,37
461.0,Tina,Jimenez,Male,1980-11-26,zjones@gmail.com,708-505-0590x320,Nairobi,Unknown,2023-04-12,46
462.0,Nicole,Harris,Female,1952-07-26,smithdiana@hotmail.com,001-346-847-0436x7925,Nairobi,Unknown,2025-06-01,74
463.0,Daniel,Gomez,Female,1977-02-18,celliott@zimmerman.com,+1-476-617-6753x44832,Mombasa ,Engineer,2025-09-19,49
464.0,Beth,Cox,Male,1968-03-02,wcollins@west.com,967.400.6216,Mombasa ,Developer,2023-07-28,58
465.0,Julie,Mccoy,Female,1962-01-30,jason29@yahoo.com,4777066325,Nairobi,Teacher,2019-06-11,64
466.0,Daniel,Jackson,Unknown,1980-09-23,daleortiz@chapman.net,366.984.9577x379,Unknown,Accountant,2025-11-21,46
467.0,Matthew,Smith,Unknown,1965-08-08,lanedebra@sanchez-small.biz,496-902-0676x43192,Nairobi,Accountant,2018-05-16,61
468.0,Mark,Malone,Male,1987-06-12,inovak@sullivan-howell.net,833-377-9091x81283,Mombasa ,Engineer,2019-01-16,39
469.0,Jerry,Barrera,Male,2003-11-21,martinezbrent@hotmail.com,904-296-6126x8026,Nairobi,Engineer,2021-01-16,23
470.0,Ashlee,Dunn,Unknown,1980-09-05,jrivera@kim.com,820.580.9328x7803, Kisumu,Unknown,2018-07-11,46
471.0,Kelly,Wagner,Unknown,1954-03-20,brianjohnson@jackson.biz,384-792-2503x9289,Nairobi,Developer,2022-09-29,72
472.0,Morgan,Davis,Female,1995-04-01,darrell21@hotmail.com,001-301-333-5946x24655,Mombasa ,Accountant,2024-11-22,31
473.0,Tara,Brown,Female,2007-07-11,kayla41@hotmail.com,040.288.1550x83200,Unknown,Accountant,2022-07-28,19
474.0,Lisa,Green,Female,2003-01-05,nbenson@hotmail.com,+1-781-220-6507x029, Kisumu,Engineer,2019-01-08,23
475.0,Briana,Johnson,Female,1962-02-03,matthew33@yahoo.com,148-870-4211,Nairobi,Developer,2019-12-28,64
476.0,Kathy,Lee,Male,1958-01-29,wyork@williams.net,583.667.5469x512,Mombasa ,Unknown,2019-08-12,68
477.0,Jennifer,Duncan,Male,2000-01-06,tonya25@yahoo.com,001-276-106-1831, Kisumu,Accountant,2020-03-12,26
478.0,Margaret,Flores,Unknown,2001-08-03,wmaldonado@hotmail.com,943-525-8403x759,Nairobi,Engineer,2019-02-27,25
479.0,Jay,Cohen,Female,1985-08-06,gina94@bradley.com,091.308.7644,Nairobi,Developer,2021-06-17,41
480.0,Joseph,Cooke,Female,1961-02-16,wesleycharles@gmail.com,747-516-0009,Nairobi,Engineer,2024-02-08,65
481.0,Christian,Chen,Unknown,1972-03-31,pamela34@hotmail.com,(607)840-5607,Mombasa ,Teacher,2018-06-13,54
482.0,Richard,Williamson,Female,1987-12-29,wendyhoward@garner.com,627.997.4123x3652,Nairobi,Accountant,2024-10-16,39
483.0,Megan,Burgess,Female,1972-12-08,angela93@yahoo.com,225-026-7880x2707,Unknown,Unknown,2023-01-12,54
484.0,John,Larson,Female,1953-12-28,keithrojas@miller.com,+1-565-173-0460,Nairobi,Accountant,2024-03-27,73
485.0,Terri,Burns,Female,1972-09-28,loganspencer@yahoo.com,0736537164,Unknown,Engineer,2023-05-15,54
486.0,Alexander,Brown,Male,1991-05-15,lwest@davis.com,500-948-0907, Kisumu,Accountant,2020-10-25,35
487.0,Austin,Martin,Female,1996-07-12,parkershannon@underwood.com,8452211046, Kisumu,Engineer,2022-02-12,30
488.0,Jason,Snyder,Male,1978-09-29,joyce99@yahoo.com,075.871.2292x14532, Kisumu,Teacher,2021-02-26,48
489.0,Jeffrey,Wyatt,Female,1968-01-24,vanessacastro@boyd-patrick.com,442.253.1811x10360,Nairobi,Unknown,2020-05-09,58
490.0,Lisa,Avila,Female,1981-09-30,zmorris@adams.org,267-138-7402x828, Kisumu,Developer,2018-06-07,45
491.0,Shawn,Pennington,Male,2005-09-30,scott49@rivera.net,215.161.5770x703,Mombasa ,Developer,2022-11-03,21
492.0,Joshua,Hernandez,Female,1968-04-02,armstrongelizabeth@walker.com,686-444-2619,Nairobi,Developer,2020-01-26,58
493.0,Jonathan,Smith,Unknown,1967-05-25,cynthia55@gmail.com,297.244.9597,Nairobi,Unknown,2022-04-29,59
494.0,Brian,Ford,Unknown,1955-01-29,ginahurst@lopez.biz,301.254.3014x027,Nairobi,Engineer,2020-12-24,71
495.0,Marcus,Mitchell,Male,1979-07-25,karenmartinez@wilkerson-gardner.com,+1-524-713-8011x850,Nairobi,Accountant,2021-09-25,47
496.0,Robert,Copeland,Male,2006-04-05,crystalking@yahoo.com,241-885-1887x540,Nairobi,Accountant,2019-05-31,20
497.0,Nicholas,Baldwin,Female,2002-11-19,burtonkevin@gmail.com,147.894.4889x9246, Kisumu,Developer,2022-06-23,24
498.0,Anthony,Rodriguez,Male,1971-02-18,qlewis@jones-wall.com,(154)357-8987x4742,Unknown,Unknown,2024-06-10,55
499.0,Michele,Moss,Male,1959-04-01,kara37@gmail.com,(747)939-9012x2917, Kisumu,Engineer,2018-08-18,67
500.0,Daniel,Williams,Male,1997-05-24,daniel52@kelly-phillips.info,001-456-139-3402x2832,Unknown,Accountant,2023-07-05,29
